PT_ID,SCHOOL,ZONE,CLUSTER,GROUP_ID,latitude,longitude,LEVEL,ENROLMENT,2023_OSO,OSO_pct,dgp_code,zone_code,type_code,nature_code,session_code,mainlevel_code,sap_ind,autonomous_ind,gifted_ind,ip_ind,special,mothertongue1_code,mothertongue2_code,mothertongue3_code,HMSP_Tier,HMSP_Score
1,ELIAS PARK PRIMARY SCHOOL,EAST,E1,1,1.375,103.9452,PRIMARY,1089,102,0.093663912,PASIR RIS,EAST,GOVERNMENT SCHOOL,CO-ED SCHOOL,SINGLE SESSION,PRIMARY,No,No,No,No,No,Chinese,Malay,Tamil,A,1
2,HAI SING CATHOLIC SCHOOL,EAST,E1,1,1.3745734,103.9551579,SECONDARY,1076,132,0.12267658,PASIR RIS,EAST,GOVERNMENT-AIDED SCH,CO-ED SCHOOL,SINGLE SESSION,SECONDARY,No,No,No,No,No,Chinese,Malay,Tamil,C,0.5
3,LOYANG VIEW SECONDARY SCHOOL,EAST,E1,1,1.3664422,103.9575296,SECONDARY,807,179,0.22180917,PASIR RIS,EAST,GOVERNMENT SCHOOL,CO-ED SCHOOL,SINGLE SESSION,SECONDARY,No,No,No,No,No,Chinese,Malay,Tamil,C,0.625
4,MERIDIAN PRIMARY SCHOOL,EAST,E1,1,1.37603155,103.9351592,PRIMARY,871,119,0.136624569,PASIR RIS,EAST,GOVERNMENT SCHOOL,CO-ED SCHOOL,SINGLE SESSION,PRIMARY,No,No,No,No,No,Chinese,Malay,Tamil,D,0.4
5,MERIDIAN SECONDARY SCHOOL,EAST,E1,1,1.36757525,103.9489427,SECONDARY,1059,134,0.126534466,PASIR RIS,EAST,GOVERNMENT SCHOOL,CO-ED SCHOOL,SINGLE SESSION,SECONDARY,No,No,No,No,No,Chinese,Malay,Tamil,D,0.375
6,PASIR RIS CREST SECONDARY SCHOOL,EAST,E1,1,1.37271,103.959761,SECONDARY,1077,136,0.126276695,PASIR RIS,EAST,GOVERNMENT SCHOOL,CO-ED SCHOOL,SINGLE SESSION,SECONDARY,No,No,No,No,No,Chinese,Malay,Tamil,D,0.375
7,PUNGGOL COVE PRIMARY SCHOOL,EAST,E1,1,1.41177135,103.8992443,PRIMARY,1688,214,0.126777251,PUNGGOL,EAST,GOVERNMENT SCHOOL,CO-ED SCHOOL,SINGLE SESSION,PRIMARY,No,No,No,No,No,Chinese,Malay,Tamil,E,0
8,PUNGGOL GREEN PRIMARY SCHOOL,EAST,E1,1,1.40195935,103.8985497,PRIMARY,1607,175,0.108898569,PUNGGOL,EAST,GOVERNMENT SCHOOL,CO-ED SCHOOL,SINGLE SESSION,PRIMARY,No,No,No,No,No,Chinese,Malay,Tamil,B,0.857142857
9,PUNGGOL VIEW PRIMARY SCHOOL,EAST,E1,1,1.40532215,103.9052658,PRIMARY,1605,196,0.12211838,PUNGGOL,EAST,GOVERNMENT SCHOOL,CO-ED SCHOOL,SINGLE SESSION,PRIMARY,No,No,No,No,No,Chinese,Malay,Tamil,B,0.875
10,VALOUR PRIMARY SCHOOL,EAST,E1,1,1.4072779,103.8988557,PRIMARY,1340,97,0.07238806,PUNGGOL,EAST,GOVERNMENT SCHOOL,CO-ED SCHOOL,SINGLE SESSION,PRIMARY,No,No,No,No,No,Chinese,Malay,Tamil,E,0.166666667
11,YUSOF ISHAK SECONDARY SCHOOL,EAST,E1,1,1.4071,103.8965,SECONDARY,993,82,0.082578046,BUKIT BATOK,WEST,GOVERNMENT SCHOOL,CO-ED SCHOOL,SINGLE SESSION,SECONDARY,No,No,No,No,No,Chinese,Malay,Tamil,A,1
12,BEDOK GREEN PRIMARY SCHOOL,EAST,E2,2,1.3237085,103.9378554,PRIMARY,1421,205,0.144264602,BEDOK,EAST,GOVERNMENT SCHOOL,CO-ED SCHOOL,SINGLE SESSION,PRIMARY,No,No,No,No,No,Chinese,Malay,Tamil,D,0.285714286
13,BEDOK GREEN SECONDARY SCHOOL,EAST,E2,2,1.334061,103.9358583,SECONDARY,1065,191,0.179342723,BEDOK,EAST,GOVERNMENT SCHOOL,CO-ED SCHOOL,SINGLE SESSION,SECONDARY,No,No,No,No,No,Chinese,Malay,Tamil,D,0.333333333
14,BEDOK SOUTH SECONDARY SCHOOL,EAST,E2,2,1.3255597,103.9510283,SECONDARY,1083,143,0.132040628,BEDOK,EAST,GOVERNMENT SCHOOL,CO-ED SCHOOL,SINGLE SESSION,SECONDARY,No,No,No,No,No,Chinese,Malay,Tamil,B,0.833333333
15,BEDOK VIEW SECONDARY SCHOOL,EAST,E2,2,1.32449075,103.9435422,SECONDARY,988,140,0.141700405,BEDOK,EAST,GOVERNMENT SCHOOL,CO-ED SCHOOL,SINGLE SESSION,SECONDARY,No,No,No,No,No,Chinese,Malay,Tamil,D,0.3
16,FENGSHAN PRIMARY SCHOOL,EAST,E2,2,1.3300987,103.9318825,PRIMARY,1184,165,0.139358108,BEDOK,EAST,GOVERNMENT SCHOOL,CO-ED SCHOOL,SINGLE SESSION,PRIMARY,No,No,No,No,No,Chinese,Malay,Tamil,E,0.142857143
17,JUNYUAN PRIMARY SCHOOL,EAST,E2,2,1.347782,103.9393972,PRIMARY,1351,144,0.106587713,TAMPINES,EAST,GOVERNMENT SCHOOL,CO-ED SCHOOL,SINGLE SESSION,PRIMARY,No,No,No,No,No,Chinese,Malay,Tamil,E,0
18,POI CHING SCHOOL,EAST,E2,2,1.3577705,103.9354999,PRIMARY,1426,123,0.086255259,TAMPINES,EAST,GOVERNMENT-AIDED SCH,CO-ED SCHOOL,SINGLE SESSION,PRIMARY,Yes,No,No,No,Yes,Chinese,na,na,D,0.375
19,RED SWASTIKA SCHOOL,EAST,E2,2,1.3336412,103.9346186,PRIMARY,1423,135,0.094869993,BEDOK,EAST,GOVERNMENT-AIDED SCH,CO-ED SCHOOL,SINGLE SESSION,PRIMARY,Yes,No,No,No,Yes,Chinese,na,na,E,0.111111111
20,TEMASEK PRIMARY SCHOOL,EAST,E2,2,1.31776147,103.9454555,PRIMARY,1234,133,0.107779579,BEDOK,EAST,GOVERNMENT SCHOOL,CO-ED SCHOOL,SINGLE SESSION,PRIMARY,No,No,No,No,No,Chinese,Malay,Tamil,E,0.166666667
21,TEMASEK SECONDARY SCHOOL,EAST,E2,2,1.3163525,103.9478003,SECONDARY,1080,117,0.108333333,BEDOK,EAST,GOVERNMENT SCHOOL,CO-ED SCHOOL,SINGLE SESSION,SECONDARY,No,Yes,No,No,Yes,Chinese,Malay,Tamil,D,0.375
22,YU NENG PRIMARY SCHOOL,EAST,E2,2,1.33420445,103.9328103,PRIMARY,1159,127,0.109577222,BEDOK,EAST,GOVERNMENT SCHOOL,CO-ED SCHOOL,SINGLE SESSION,PRIMARY,No,No,No,No,No,Chinese,Malay,Tamil,A,1
23,ANGSANA PRIMARY SCHOOL,EAST,E3,3,1.363118388,103.9390041,PRIMARY,1255,127,0.101195219,TAMPINES,EAST,GOVERNMENT SCHOOL,CO-ED SCHOOL,SINGLE SESSION,PRIMARY,No,No,No,No,No,Chinese,Malay,Tamil,B,0.8
24,CHONGZHENG PRIMARY SCHOOL,EAST,E3,3,1.35054425,103.9509206,PRIMARY,1165,146,0.125321888,TAMPINES,EAST,GOVERNMENT SCHOOL,CO-ED SCHOOL,SINGLE SESSION,PRIMARY,No,No,No,No,No,Chinese,Malay,Tamil,E,0.2
25,DUNMAN SECONDARY SCHOOL,EAST,E3,3,1.36116845,103.9560139,SECONDARY,1066,166,0.155722326,TAMPINES,EAST,GOVERNMENT SCHOOL,CO-ED SCHOOL,SINGLE SESSION,SECONDARY,No,Yes,No,No,Yes,Chinese,Malay,Tamil,D,0.416666667
26,EAST SPRING PRIMARY SCHOOL,EAST,E3,3,1.3528815,103.9619173,PRIMARY,1167,159,0.136246787,TAMPINES,EAST,GOVERNMENT SCHOOL,CO-ED SCHOOL,SINGLE SESSION,PRIMARY,No,No,No,No,No,Chinese,Malay,Tamil,D,0.4
27,EAST SPRING SECONDARY SCHOOL,EAST,E3,3,1.35697385,103.9610806,SECONDARY,951,184,0.193480547,TAMPINES,EAST,GOVERNMENT SCHOOL,CO-ED SCHOOL,SINGLE SESSION,SECONDARY,No,No,No,No,No,Chinese,Malay,Tamil,E,0.125
28,FERN GREEN PRIMARY SCHOOL,EAST,E3,3,1.397140977,103.8797444,PRIMARY,1604,209,0.130299252,SENG KANG,EAST,GOVERNMENT SCHOOL,CO-ED SCHOOL,SINGLE SESSION,PRIMARY,No,No,No,No,No,Chinese,Malay,Tamil,E,0.166666667
29,GONGSHANG PRIMARY SCHOOL,EAST,E3,3,1.3572,103.9492,PRIMARY,1371,166,0.121079504,TAMPINES,EAST,GOVERNMENT SCHOOL,CO-ED SCHOOL,SINGLE SESSION,PRIMARY,No,No,No,No,No,Chinese,Malay,Tamil,D,0.375
30,JUNYUAN SECONDARY SCHOOL,EAST,E3,3,1.35317525,103.9335447,SECONDARY,1012,171,0.168972332,TAMPINES,EAST,GOVERNMENT SCHOOL,CO-ED SCHOOL,SINGLE SESSION,SECONDARY,No,No,No,No,No,Chinese,Malay,Tamil,E,0
31,SENGKANG GREEN PRIMARY SCHOOL,EAST,E3,3,1.39288245,103.8748036,PRIMARY,1674,160,0.09557945,SENG KANG,EAST,GOVERNMENT SCHOOL,CO-ED SCHOOL,SINGLE SESSION,PRIMARY,No,No,No,No,No,Chinese,Malay,Tamil,D,0.333333333
32,SPRINGDALE PRIMARY SCHOOL,EAST,E3,3,1.39500145,103.8897759,PRIMARY,1633,171,0.104715248,SENG KANG,EAST,GOVERNMENT SCHOOL,CO-ED SCHOOL,SINGLE SESSION,PRIMARY,No,No,No,No,No,Chinese,Malay,Tamil,E,0.142857143
33,SPRINGFIELD SECONDARY SCHOOL,EAST,E3,3,1.34999395,103.9299857,SECONDARY,810,101,0.124691358,TAMPINES,EAST,GOVERNMENT SCHOOL,CO-ED SCHOOL,SINGLE SESSION,SECONDARY,No,No,No,No,No,Chinese,Malay,na,C,0.625
34,YUMIN PRIMARY SCHOOL,EAST,E3,3,1.3512643,103.9508735,PRIMARY,1127,152,0.13487134,TAMPINES,EAST,GOVERNMENT SCHOOL,CO-ED SCHOOL,SINGLE SESSION,PRIMARY,No,No,No,No,No,Chinese,Malay,Tamil,B,0.833333333
35,ANGLICAN HIGH SCHOOL,EAST,E4,4,1.33021825,103.9417594,SECONDARY,1284,63,0.049065421,BEDOK,EAST,GOVERNMENT-AIDED SCH,CO-ED SCHOOL,SINGLE SESSION,SECONDARY,Yes,Yes,No,No,Yes,Chinese,na,na,D,0.4
36,CHANGKAT CHANGI SECONDARY SCHOOL,EAST,E4,4,1.3404936,103.9529718,SECONDARY,905,160,0.17679558,TAMPINES,EAST,GOVERNMENT SCHOOL,CO-ED SCHOOL,SINGLE SESSION,SECONDARY,No,No,No,No,No,Chinese,Malay,Tamil,D,0.444444444
37,CHANGKAT PRIMARY SCHOOL,EAST,E4,4,1.33982335,103.9522753,PRIMARY,1040,106,0.101923077,TAMPINES,EAST,GOVERNMENT SCHOOL,CO-ED SCHOOL,SINGLE SESSION,PRIMARY,No,No,No,No,No,Chinese,Malay,Tamil,E,0.2
38,CHUNG CHENG HIGH (MAIN) SCHOOL,EAST,E4,4,1.3053551,103.8917708,SECONDARY,1286,91,0.070762053,MARINE PARADE,EAST,GOVERNMENT-AIDED SCH,CO-ED SCHOOL,SINGLE SESSION,SECONDARY,Yes,Yes,No,No,Yes,Chinese,na,na,E,0.2
39,DAMAI PRIMARY SCHOOL,EAST,E4,4,1.3354514,103.9213901,PRIMARY,978,120,0.122699387,BEDOK,EAST,GOVERNMENT SCHOOL,CO-ED SCHOOL,SINGLE SESSION,PRIMARY,No,No,No,No,No,Chinese,Malay,Tamil,D,0.25
40,DAMAI SECONDARY SCHOOL,EAST,E4,4,1.337598,103.9268202,SECONDARY,633,113,0.178515008,BEDOK,EAST,GOVERNMENT SCHOOL,CO-ED SCHOOL,SINGLE SESSION,SECONDARY,No,No,No,No,No,Chinese,Malay,Tamil,E,0.166666667
41,DUNMAN HIGH SCHOOL,EAST,E4,4,1.2994032,103.882215,SECONDARY,1220,75,0.06147541,KALLANG,EAST,GOVERNMENT SCHOOL,CO-ED SCHOOL,SINGLE SESSION,MIXED LEVELS,Yes,Yes,Yes,Yes,Yes,Chinese,na,na,E,0.111111111
42,KONG HWA SCHOOL,EAST,E4,4,1.3111918,103.8878575,PRIMARY,1628,148,0.090909091,GEYLANG,EAST,GOVERNMENT-AIDED SCH,CO-ED SCHOOL,SINGLE SESSION,PRIMARY,Yes,No,No,No,Yes,Chinese,na,na,E,0.125
43,ST. ANTHONY'S CANOSSIAN PRIMARY SCHOOL,EAST,E4,4,1.3349316,103.9408662,PRIMARY,1219,115,0.094339623,BEDOK,EAST,GOVERNMENT-AIDED SCH,GIRLS' SCHOOL,SINGLE SESSION,PRIMARY,No,No,No,No,No,Chinese,Malay,Tamil,C,0.666666667
44,ST. ANTHONY'S CANOSSIAN SECONDARY SCHOOL,EAST,E4,4,1.334946,103.9423636,SECONDARY,1037,114,0.109932498,BEDOK,EAST,GOVERNMENT-AIDED SCH,GIRLS' SCHOOL,SINGLE SESSION,SECONDARY,No,Yes,No,No,Yes,Chinese,Malay,Tamil,C,0.5
45,TELOK KURAU PRIMARY SCHOOL,EAST,E4,4,1.3308798,103.9113156,PRIMARY,1591,221,0.138906348,BEDOK,EAST,GOVERNMENT SCHOOL,CO-ED SCHOOL,SINGLE SESSION,PRIMARY,No,No,No,No,No,Chinese,Malay,Tamil,D,0.428571429
46,BROADRICK SECONDARY SCHOOL,EAST,E5,5,1.30726495,103.8868866,SECONDARY,999,155,0.155155155,GEYLANG,EAST,GOVERNMENT SCHOOL,CO-ED SCHOOL,SINGLE SESSION,SECONDARY,No,No,No,No,No,Chinese,Malay,Tamil,D,0.333333333
47,CANOSSA CATHOLIC PRIMARY SCHOOL,EAST,E5,5,1.3265886,103.8817147,PRIMARY,756,75,0.099206349,GEYLANG,EAST,GOVERNMENT-AIDED SCH,CO-ED SCHOOL,SINGLE SESSION,PRIMARY,No,No,No,No,No,Chinese,Malay,Tamil,D,0.25
48,GEYLANG METHODIST SCHOOL (PRI),EAST,E5,5,1.3182,103.8838,PRIMARY,1668,241,0.144484412,GEYLANG,EAST,GOVERNMENT-AIDED SCH,CO-ED SCHOOL,SINGLE SESSION,PRIMARY,No,No,No,No,No,Chinese,Malay,Tamil,D,0.375
49,GEYLANG METHODIST SCHOOL (SEC),EAST,E5,5,1.31760385,103.8832512,SECONDARY,1099,144,0.131028207,GEYLANG,EAST,GOVERNMENT-AIDED SCH,CO-ED SCHOOL,SINGLE SESSION,SECONDARY,No,No,No,No,No,Chinese,Malay,Tamil,B,0.857142857
50,HAIG GIRLS' SCHOOL,EAST,E5,5,1.31187845,103.9025669,PRIMARY,1136,113,0.099471831,GEYLANG,EAST,GOVERNMENT SCHOOL,GIRLS' SCHOOL,SINGLE SESSION,PRIMARY,No,No,No,No,No,Chinese,Malay,Tamil,D,0.444444444
51,PAYA LEBAR METHODIST GIRLS' SCHOOL (PRI),EAST,E5,5,1.34993195,103.8849238,PRIMARY,1659,119,0.071729958,HOUGANG,EAST,GOVERNMENT-AIDED SCH,GIRLS' SCHOOL,SINGLE SESSION,PRIMARY,No,No,No,No,No,Chinese,Malay,Tamil,E,0.2
52,PAYA LEBAR METHODIST GIRLS' SCHOOL (SEC),EAST,E5,5,1.351416924,103.8848579,SECONDARY,1277,154,0.120595145,HOUGANG,EAST,GOVERNMENT-AIDED SCH,GIRLS' SCHOOL,SINGLE SESSION,SECONDARY,No,Yes,No,No,Yes,Chinese,Malay,Tamil,D,0.3
53,TANJONG KATONG GIRLS' SCHOOL,EAST,E5,5,1.309094441,103.8962217,SECONDARY,976,118,0.120901639,MARINE PARADE,EAST,GOVERNMENT SCHOOL,GIRLS' SCHOOL,SINGLE SESSION,SECONDARY,No,Yes,No,No,Yes,Chinese,Malay,Tamil,C,0.666666667
54,TANJONG KATONG PRIMARY SCHOOL,EAST,E5,5,1.30532425,103.9004551,PRIMARY,1237,117,0.09458367,MARINE PARADE,EAST,GOVERNMENT SCHOOL,CO-ED SCHOOL,SINGLE SESSION,PRIMARY,No,No,No,No,No,Chinese,Malay,Tamil,B,0.833333333
55,TANJONG KATONG SECONDARY SCHOOL,EAST,E5,5,1.30874385,103.8972354,SECONDARY,977,69,0.07062436,MARINE PARADE,EAST,GOVERNMENT SCHOOL,CO-ED SCHOOL,SINGLE SESSION,SECONDARY,No,Yes,No,No,Yes,Chinese,Malay,Tamil,D,0.375
56,CASUARINA PRIMARY SCHOOL,EAST,E6,6,1.3728079,103.9572279,PRIMARY,1039,152,0.146294514,PASIR RIS,EAST,GOVERNMENT SCHOOL,CO-ED SCHOOL,SINGLE SESSION,PRIMARY,No,No,No,No,No,Chinese,Malay,Tamil,E,0.142857143
57,NGEE ANN SECONDARY SCHOOL,EAST,E6,6,1.3543069,103.9566528,SECONDARY,1102,156,0.141560799,TAMPINES,EAST,GOVERNMENT-AIDED SCH,CO-ED SCHOOL,SINGLE SESSION,SECONDARY,No,Yes,No,No,Yes,Chinese,Malay,Tamil,D,0.375
58,OASIS PRIMARY SCHOOL,EAST,E6,6,1.40465295,103.9109764,PRIMARY,1618,168,0.103831891,PUNGGOL,EAST,GOVERNMENT SCHOOL,CO-ED SCHOOL,SINGLE SESSION,PRIMARY,No,No,No,No,No,Chinese,Malay,Tamil,E,0.125
59,PARK VIEW PRIMARY SCHOOL,EAST,E6,6,1.3776122,103.9392671,PRIMARY,1120,121,0.108035714,PASIR RIS,EAST,GOVERNMENT SCHOOL,CO-ED SCHOOL,SINGLE SESSION,PRIMARY,No,No,No,No,No,Chinese,Malay,Tamil,D,0.4
60,PASIR RIS PRIMARY SCHOOL,EAST,E6,6,1.37215285,103.9630263,PRIMARY,1145,132,0.115283843,PASIR RIS,EAST,GOVERNMENT SCHOOL,CO-ED SCHOOL,SINGLE SESSION,PRIMARY,No,No,No,No,No,Chinese,Malay,Tamil,D,0.333333333
61,PASIR RIS SECONDARY SCHOOL,EAST,E6,6,1.35470585,103.9485272,SECONDARY,1088,127,0.116727941,TAMPINES,EAST,GOVERNMENT SCHOOL,CO-ED SCHOOL,SINGLE SESSION,SECONDARY,No,No,No,No,No,Chinese,Malay,Tamil,C,0.5
62,ST. HILDA'S PRIMARY SCHOOL,EAST,E6,6,1.3493751,103.9365936,PRIMARY,1718,172,0.100116414,TAMPINES,EAST,GOVERNMENT-AIDED SCH,CO-ED SCHOOL,SINGLE SESSION,PRIMARY,No,No,Yes,No,Yes,Chinese,Malay,Tamil,D,0.25
63,ST. HILDA'S SECONDARY SCHOOL,EAST,E6,6,1.350089,103.9369951,SECONDARY,1042,149,0.142994242,TAMPINES,EAST,GOVERNMENT-AIDED SCH,CO-ED SCHOOL,SINGLE SESSION,SECONDARY,No,No,No,No,No,Chinese,Malay,Tamil,B,0.875
64,TAMPINES NORTH PRIMARY SCHOOL,EAST,E6,6,1.3605548,103.9490661,PRIMARY,1402,176,0.12553495,TAMPINES,EAST,GOVERNMENT SCHOOL,CO-ED SCHOOL,SINGLE SESSION,PRIMARY,No,No,No,No,No,Chinese,Malay,Tamil,C,0.714285714
65,TAMPINES PRIMARY SCHOOL,EAST,E6,6,1.3503174,103.9439019,PRIMARY,1359,147,0.10816777,TAMPINES,EAST,GOVERNMENT SCHOOL,CO-ED SCHOOL,SINGLE SESSION,PRIMARY,No,No,No,No,No,Chinese,Malay,Tamil,D,0.25
66,TAMPINES SECONDARY SCHOOL,EAST,E6,6,1.3494462,103.9441023,SECONDARY,1054,172,0.163187856,TAMPINES,EAST,GOVERNMENT SCHOOL,CO-ED SCHOOL,SINGLE SESSION,SECONDARY,No,No,No,No,No,Chinese,Malay,Tamil,B,0.875
67,WATERWAY PRIMARY SCHOOL,EAST,E6,6,1.39924075,103.9183743,PRIMARY,1718,180,0.104772992,PUNGGOL,EAST,GOVERNMENT SCHOOL,CO-ED SCHOOL,SINGLE SESSION,PRIMARY,No,No,No,No,No,Chinese,Malay,Tamil,E,0
68,WHITE SANDS PRIMARY SCHOOL,EAST,E6,6,1.36547295,103.9612546,PRIMARY,1119,148,0.132260947,PASIR RIS,EAST,GOVERNMENT SCHOOL,CO-ED SCHOOL,SINGLE SESSION,PRIMARY,No,No,No,No,No,Chinese,Malay,Tamil,E,0.125
69,CEDAR GIRLS' SECONDARY SCHOOL,EAST,E7,7,1.33422015,103.8742312,SECONDARY,1210,93,0.076859504,TOA PAYOH,EAST,GOVERNMENT SCHOOL,GIRLS' SCHOOL,SINGLE SESSION,SECONDARY,No,Yes,No,Yes,Yes,Chinese,Malay,Tamil,B,0.8
70,CHIJ (KATONG),EAST,E7,7,1.30643785,103.910832,PRIMARY,1189,104,0.087468461,BEDOK,EAST,GOVERNMENT-AIDED SCH,GIRLS' SCHOOL,SINGLE SESSION,PRIMARY,No,No,No,No,No,Chinese,Malay,Tamil,E,0.166666667
71,CHIJ KATONG CONVENT,EAST,E7,7,1.30633255,103.9177829,SECONDARY,1021,129,0.126346719,MARINE PARADE,EAST,GOVERNMENT-AIDED SCH,GIRLS' SCHOOL,SINGLE SESSION,SECONDARY,No,Yes,No,No,Yes,Chinese,Malay,Tamil,C,0.571428571
72,MAHA BODHI SCHOOL,EAST,E7,7,1.3284777,103.9015345,PRIMARY,1938,242,0.124871001,GEYLANG,EAST,GOVERNMENT-AIDED SCH,CO-ED SCHOOL,SINGLE SESSION,PRIMARY,Yes,No,No,No,Yes,Chinese,na,na,C,0.625
73,MANJUSRI SECONDARY SCHOOL,EAST,E7,7,1.32756135,103.9017139,SECONDARY,1054,138,0.130929791,GEYLANG,EAST,GOVERNMENT-AIDED SCH,CO-ED SCHOOL,SINGLE SESSION,SECONDARY,No,No,No,No,No,Chinese,Malay,na,E,0.142857143
74,NGEE ANN PRIMARY SCHOOL,EAST,E7,7,1.30554595,103.9179525,PRIMARY,1445,146,0.101038062,MARINE PARADE,EAST,GOVERNMENT-AIDED SCH,CO-ED SCHOOL,SINGLE SESSION,PRIMARY,No,No,No,No,No,Chinese,Malay,Tamil,C,0.625
75,OPERA ESTATE PRIMARY SCHOOL,EAST,E7,7,1.3196642,103.923766,PRIMARY,995,106,0.106532663,BEDOK,EAST,GOVERNMENT SCHOOL,CO-ED SCHOOL,SINGLE SESSION,PRIMARY,No,No,No,No,No,Chinese,Malay,Tamil,D,0.25
76,ST. PATRICK'S SCHOOL,EAST,E7,7,1.3079723,103.917371,SECONDARY,1028,129,0.125486381,BEDOK,EAST,GOVERNMENT-AIDED SCH,BOYS' SCHOOL,SINGLE SESSION,SECONDARY,No,No,No,No,No,Chinese,Malay,Tamil,D,0.363636364
77,ST. STEPHEN'S PRIMARY SCHOOL,EAST,E7,7,1.318257,103.9182735,PRIMARY,1460,193,0.132191781,BEDOK,EAST,GOVERNMENT-AIDED SCH,BOYS' SCHOOL,SINGLE SESSION,PRIMARY,No,No,No,No,No,Chinese,Malay,Tamil,D,0.285714286
78,TAO NAN SCHOOL,EAST,E7,7,1.305120419,103.9114018,PRIMARY,2246,164,0.0730187,MARINE PARADE,EAST,GOVERNMENT-AIDED SCH,CO-ED SCHOOL,SINGLE SESSION,PRIMARY,Yes,No,Yes,No,Yes,Chinese,na,na,B,0.777777778
79,VICTORIA SCHOOL,EAST,E7,7,1.30854205,103.9274578,SECONDARY,1303,82,0.062931696,BEDOK,EAST,GOVERNMENT SCHOOL,BOYS' SCHOOL,SINGLE SESSION,SECONDARY,No,Yes,Yes,Yes,Yes,Chinese,Malay,Tamil,B,0.9
80,BOWEN SECONDARY SCHOOL,NORTH,N1,8,1.37088385,103.8776018,SECONDARY,1149,157,0.136640557,HOUGANG,NORTH,GOVERNMENT SCHOOL,CO-ED SCHOOL,SINGLE SESSION,SECONDARY,No,No,No,No,No,Chinese,Malay,Tamil,E,0
81,CHIJ ST. JOSEPH'S CONVENT,NORTH,N1,8,1.39185175,103.9024866,SECONDARY,1250,194,0.1552,SENG KANG,NORTH,GOVERNMENT-AIDED SCH,GIRLS' SCHOOL,SINGLE SESSION,SECONDARY,No,No,No,No,No,Chinese,Malay,Tamil,E,0.166666667
82,NORTH VISTA PRIMARY SCHOOL,NORTH,N1,8,1.3828948,103.8959771,PRIMARY,1480,155,0.10472973,SENG KANG,NORTH,GOVERNMENT SCHOOL,CO-ED SCHOOL,SINGLE SESSION,PRIMARY,No,No,No,No,No,Chinese,Malay,Tamil,E,0.142857143
83,NORTH VISTA SECONDARY SCHOOL,NORTH,N1,8,1.38173725,103.8987395,SECONDARY,1221,131,0.107289107,SENG KANG,NORTH,GOVERNMENT SCHOOL,CO-ED SCHOOL,SINGLE SESSION,SECONDARY,No,No,No,No,No,Chinese,Malay,Tamil,D,0.4
84,PALM VIEW PRIMARY SCHOOL,NORTH,N1,8,1.3840612,103.8912122,PRIMARY,1532,160,0.104438642,SENG KANG,NORTH,GOVERNMENT SCHOOL,CO-ED SCHOOL,SINGLE SESSION,PRIMARY,No,No,No,No,No,Chinese,Malay,Tamil,E,0
85,RIVERVALE PRIMARY SCHOOL,NORTH,N1,8,1.39365955,103.9046125,PRIMARY,1370,169,0.123357664,SENG KANG,NORTH,GOVERNMENT SCHOOL,CO-ED SCHOOL,SINGLE SESSION,PRIMARY,No,No,No,No,No,Chinese,Malay,Tamil,D,0.25
86,ROSYTH SCHOOL,NORTH,N1,8,1.3728695,103.8745093,PRIMARY,1863,199,0.106816962,SERANGOON,NORTH,GOVERNMENT SCHOOL,CO-ED SCHOOL,SINGLE SESSION,PRIMARY,No,No,Yes,No,Yes,Chinese,Malay,Tamil,D,0.272727273
87,SENG KANG PRIMARY SCHOOL,NORTH,N1,8,1.3894052,103.8993262,PRIMARY,1311,193,0.147215866,SENG KANG,NORTH,GOVERNMENT SCHOOL,CO-ED SCHOOL,SINGLE SESSION,PRIMARY,No,No,No,No,No,Chinese,Malay,Tamil,D,0.428571429
88,SENG KANG SECONDARY SCHOOL,NORTH,N1,8,1.3864773,103.8986809,SECONDARY,1165,127,0.109012876,SENG KANG,NORTH,GOVERNMENT SCHOOL,CO-ED SCHOOL,SINGLE SESSION,SECONDARY,No,No,No,No,No,Chinese,Malay,Tamil,D,0.375
89,XINMIN PRIMARY SCHOOL,NORTH,N1,8,1.3714019,103.8831786,PRIMARY,1355,219,0.161623616,HOUGANG,NORTH,GOVERNMENT SCHOOL,CO-ED SCHOOL,SINGLE SESSION,PRIMARY,No,No,No,No,No,Chinese,Malay,Tamil,D,0.428571429
90,XINMIN SECONDARY SCHOOL,NORTH,N1,8,1.3725582,103.8829282,SECONDARY,1294,122,0.094281298,HOUGANG,NORTH,GOVERNMENT SCHOOL,CO-ED SCHOOL,SINGLE SESSION,SECONDARY,No,Yes,No,No,Yes,Chinese,Malay,Tamil,D,0.285714286
91,AHMAD IBRAHIM PRIMARY SCHOOL,NORTH,N2,9,1.4338487,103.8327098,PRIMARY,1172,197,0.168088737,YISHUN,NORTH,GOVERNMENT SCHOOL,CO-ED SCHOOL,SINGLE SESSION,PRIMARY,No,No,No,No,No,Chinese,Malay,Tamil,E,0.166666667
92,CHONGFU SCHOOL,NORTH,N2,9,1.4387276,103.8392901,PRIMARY,1855,231,0.124528302,YISHUN,NORTH,GOVERNMENT-AIDED SCH,CO-ED SCHOOL,SINGLE SESSION,PRIMARY,No,No,No,No,No,Chinese,Malay,Tamil,B,0.75
93,CHUNG CHENG HIGH (YISHUN) SCHOOL,NORTH,N2,9,1.41910045,103.8372873,SECONDARY,1151,141,0.122502172,YISHUN,NORTH,GOVERNMENT-AIDED SCH,CO-ED SCHOOL,SINGLE SESSION,SECONDARY,No,No,No,No,No,Chinese,Malay,Tamil,E,0.125
94,ENDEAVOUR PRIMARY SCHOOL,NORTH,N2,9,1.45442995,103.8175792,PRIMARY,1381,166,0.120202752,SEMBAWANG,NORTH,GOVERNMENT SCHOOL,CO-ED SCHOOL,SINGLE SESSION,PRIMARY,No,No,No,No,No,Chinese,Malay,Tamil,C,0.5
95,JIEMIN PRIMARY SCHOOL,NORTH,N2,9,1.427356086,103.8304094,PRIMARY,1290,208,0.16124031,YISHUN,NORTH,GOVERNMENT SCHOOL,CO-ED SCHOOL,SINGLE SESSION,PRIMARY,No,No,No,No,No,Chinese,Malay,Tamil,C,0.5
96,NAVAL BASE SECONDARY SCHOOL,NORTH,N2,9,1.4192307,103.8309876,SECONDARY,1094,185,0.169104205,YISHUN,NORTH,GOVERNMENT SCHOOL,CO-ED SCHOOL,SINGLE SESSION,SECONDARY,No,No,No,No,No,Chinese,Malay,Tamil,C,0.625
97,NORTHLAND PRIMARY SCHOOL,NORTH,N2,9,1.4212034,103.840584,PRIMARY,1444,182,0.126038781,YISHUN,NORTH,GOVERNMENT SCHOOL,CO-ED SCHOOL,SINGLE SESSION,PRIMARY,No,No,No,No,No,Chinese,Malay,Tamil,C,0.714285714
98,NORTHLAND SECONDARY SCHOOL,NORTH,N2,9,1.43571045,103.8407195,SECONDARY,920,147,0.159782609,YISHUN,NORTH,GOVERNMENT SCHOOL,CO-ED SCHOOL,SINGLE SESSION,SECONDARY,No,No,No,No,No,Chinese,Malay,Tamil,B,0.875
99,NORTHOAKS PRIMARY SCHOOL,NORTH,N2,9,1.4569506,103.8135393,PRIMARY,824,98,0.118932039,SEMBAWANG,NORTH,GOVERNMENT SCHOOL,CO-ED SCHOOL,SINGLE SESSION,PRIMARY,No,No,No,No,No,Chinese,Malay,Tamil,E,0.142857143
100,SINGAPORE CHINESE GIRLS' SCHOOL (PRI),NORTH,N2,9,1.32107125,103.8275742,PRIMARY,1177,68,0.057774002,NOVENA,NORTH,GOVERNMENT-AIDED SCH,GIRLS' SCHOOL,SINGLE SESSION,PRIMARY,No,No,No,No,No,Chinese,Malay,Tamil,D,0.272727273
101,SINGAPORE CHINESE GIRLS' SCHOOL (SEC),NORTH,N2,9,1.32107125,103.8275742,SECONDARY,1082,69,0.063770795,NOVENA,NORTH,INDEPENDENT SCHOOL,GIRLS' SCHOOL,SINGLE SESSION,SECONDARY,No,No,No,Yes,Yes,Chinese,Malay,Tamil,D,0.272727273
102,XISHAN PRIMARY SCHOOL,NORTH,N2,9,1.43343,103.8377866,PRIMARY,1327,185,0.139412208,YISHUN,NORTH,GOVERNMENT SCHOOL,CO-ED SCHOOL,SINGLE SESSION,PRIMARY,No,No,No,No,No,Chinese,Malay,Tamil,D,0.375
103,YISHUN SECONDARY SCHOOL,NORTH,N2,9,1.42793975,103.8290283,SECONDARY,1158,163,0.140759931,YISHUN,NORTH,GOVERNMENT SCHOOL,CO-ED SCHOOL,SINGLE SESSION,SECONDARY,No,No,No,No,No,Chinese,Malay,Tamil,E,0
104,YISHUN TOWN SECONDARY SCHOOL,NORTH,N2,9,1.43266455,103.8378851,SECONDARY,1188,132,0.111111111,YISHUN,NORTH,GOVERNMENT SCHOOL,CO-ED SCHOOL,SINGLE SESSION,SECONDARY,No,Yes,No,No,Yes,Chinese,Malay,Tamil,E,0
105,ANCHOR GREEN PRIMARY SCHOOL,NORTH,N3,10,1.3903798,103.8873538,PRIMARY,1461,188,0.128678987,SENG KANG,NORTH,GOVERNMENT SCHOOL,CO-ED SCHOOL,SINGLE SESSION,PRIMARY,No,No,No,No,No,Chinese,Malay,Tamil,E,0.125
106,ANDERSON SECONDARY SCHOOL,NORTH,N3,10,1.37541705,103.8517227,SECONDARY,1074,104,0.096834264,ANG MO KIO,NORTH,GOVERNMENT SCHOOL,CO-ED SCHOOL,SINGLE SESSION,SECONDARY,No,Yes,No,No,Yes,Chinese,Malay,Tamil,A,1
107,CATHOLIC HIGH SCHOOL (PRI),NORTH,N3,10,1.35481825,103.8450016,PRIMARY,2762,255,0.092324403,BISHAN,NORTH,GOVERNMENT-AIDED SCH,BOYS' SCHOOL,SINGLE SESSION,MIXED LEVELS,Yes,Yes,Yes,Yes,Yes,Chinese,na,na,B,0.8
108,CATHOLIC HIGH SCHOOL (SEC),NORTH,N3,10,1.35481825,103.8450016,SECONDARY,2762,255,0.092324403,NOVENA,SOUTH,GOVERNMENT-AIDED SCH,CO-ED SCHOOL,FULL DAY,JUNIOR COLLEGE,No,No,No,No,No,Chinese,Malay,Tamil,C,0.545454545
109,COMPASSVALE PRIMARY SCHOOL,NORTH,N3,10,1.39418,103.897901,PRIMARY,1427,128,0.089698669,SENG KANG,NORTH,GOVERNMENT SCHOOL,CO-ED SCHOOL,SINGLE SESSION,SECONDARY,No,No,No,No,No,Chinese,Malay,Tamil,D,0.25
110,COMPASSVALE SECONDARY SCHOOL,NORTH,N3,10,1.39675715,103.9001974,SECONDARY,1272,175,0.137578616,SENG KANG,NORTH,GOVERNMENT SCHOOL,CO-ED SCHOOL,SINGLE SESSION,SECONDARY,No,No,No,No,No,Chinese,Malay,Tamil,C,0.666666667
111,EDGEFIELD PRIMARY SCHOOL,NORTH,N3,10,1.40035115,103.907493,PRIMARY,1440,176,0.122222222,PUNGGOL,NORTH,GOVERNMENT SCHOOL,CO-ED SCHOOL,SINGLE SESSION,PRIMARY,No,No,No,No,No,Chinese,Malay,Tamil,D,0.285714286
112,EDGEFIELD SECONDARY SCHOOL,NORTH,N3,10,1.40019645,103.9023095,SECONDARY,1271,137,0.107789142,PUNGGOL,NORTH,GOVERNMENT SCHOOL,CO-ED SCHOOL,SINGLE SESSION,SECONDARY,No,No,No,No,No,Chinese,Malay,Tamil,E,0.222222222
113,FERNVALE PRIMARY SCHOOL,NORTH,N3,10,1.38997975,103.8740776,PRIMARY,1535,177,0.115309446,SENG KANG,NORTH,GOVERNMENT SCHOOL,CO-ED SCHOOL,SINGLE SESSION,PRIMARY,No,No,No,No,No,Chinese,Malay,Tamil,D,0.375
114,HOUGANG PRIMARY SCHOOL,NORTH,N3,10,1.3783581,103.881072,PRIMARY,1292,101,0.078173375,HOUGANG,NORTH,GOVERNMENT SCHOOL,CO-ED SCHOOL,SINGLE SESSION,PRIMARY,No,No,No,No,No,Chinese,Malay,Tamil,D,0.4
115,HOUGANG SECONDARY SCHOOL,NORTH,N3,10,1.37776255,103.8824589,SECONDARY,1126,174,0.154529307,HOUGANG,NORTH,GOVERNMENT SCHOOL,CO-ED SCHOOL,SINGLE SESSION,SECONDARY,No,No,No,No,No,Chinese,Malay,Tamil,E,0.125
116,PEI HWA SECONDARY SCHOOL,NORTH,N3,10,1.39075955,103.878184,SECONDARY,1296,121,0.093364198,SENG KANG,NORTH,GOVERNMENT SCHOOL,CO-ED SCHOOL,SINGLE SESSION,SECONDARY,No,No,No,No,No,Chinese,Malay,Tamil,D,0.4
117,SERANGOON SECONDARY SCHOOL,NORTH,N3,10,1.3749592,103.9020458,SECONDARY,1237,172,0.139046079,HOUGANG,NORTH,GOVERNMENT SCHOOL,CO-ED SCHOOL,SINGLE SESSION,SECONDARY,No,No,No,No,No,Chinese,Malay,Tamil,D,0.333333333
118,YIO CHU KANG PRIMARY SCHOOL,NORTH,N3,10,1.37791475,103.8854613,PRIMARY,1183,199,0.168216399,HOUGANG,NORTH,GOVERNMENT SCHOOL,CO-ED SCHOOL,SINGLE SESSION,PRIMARY,No,No,No,No,No,Chinese,Malay,Tamil,E,0.166666667
119,GREENDALE PRIMARY SCHOOL,NORTH,N4,11,1.3961911,103.9126887,PRIMARY,1383,184,0.133044107,PUNGGOL,NORTH,GOVERNMENT SCHOOL,CO-ED SCHOOL,SINGLE SESSION,PRIMARY,No,No,No,No,No,Chinese,Malay,Tamil,E,0.111111111
120,GREENDALE SECONDARY SCHOOL,NORTH,N4,11,1.397582,103.9115751,SECONDARY,1260,143,0.113492063,PUNGGOL,NORTH,GOVERNMENT SCHOOL,CO-ED SCHOOL,SINGLE SESSION,SECONDARY,No,No,No,No,No,Chinese,Malay,Tamil,D,0.25
121,HORIZON PRIMARY SCHOOL,NORTH,N4,11,1.3999704,103.9130699,PRIMARY,1572,167,0.106234097,PUNGGOL,NORTH,GOVERNMENT SCHOOL,CO-ED SCHOOL,SINGLE SESSION,PRIMARY,No,No,No,No,No,Chinese,Malay,Tamil,E,0.125
122,MARIS STELLA HIGH SCHOOL (PRI),NORTH,N4,11,1.34201595,103.8782516,PRIMARY,2899,269,0.092790617,TOA PAYOH,NORTH,GOVERNMENT-AIDED SCH,BOYS' SCHOOL,SINGLE SESSION,MIXED LEVELS,Yes,Yes,No,No,Yes,Chinese,na,na,E,0.142857143
123,MARIS STELLA HIGH SCHOOL (SEC),NORTH,N4,11,1.3411,103.8777,SECONDARY,2899,269,0.092790617,TOA PAYOH,NORTH,GOVERNMENT-AIDED SCH,BOYS' SCHOOL,SINGLE SESSION,MIXED LEVELS,Yes,Yes,No,No,Yes,Chinese,na,na,C,0.555555556
124,MEE TOH SCHOOL,NORTH,N4,11,1.394834,103.9086538,PRIMARY,1920,206,0.107291667,PUNGGOL,NORTH,GOVERNMENT-AIDED SCH,CO-ED SCHOOL,SINGLE SESSION,PRIMARY,No,No,No,No,No,Chinese,Malay,Tamil,C,0.7
125,MONTFORT JUNIOR SCHOOL,NORTH,N4,11,1.37465235,103.8895368,PRIMARY,786,106,0.134860051,HOUGANG,NORTH,GOVERNMENT-AIDED SCH,BOYS' SCHOOL,SINGLE SESSION,PRIMARY,No,No,No,No,No,Chinese,Malay,Tamil,E,0
126,MONTFORT SECONDARY SCHOOL,NORTH,N4,11,1.37383325,103.8887952,SECONDARY,1217,173,0.142152835,HOUGANG,NORTH,GOVERNMENT-AIDED SCH,BOYS' SCHOOL,SINGLE SESSION,SECONDARY,No,No,No,No,No,Chinese,Malay,Tamil,E,0.222222222
127,NAN CHIAU HIGH SCHOOL,NORTH,N4,11,1.3894693,103.8900833,SECONDARY,1198,103,0.085976628,SENG KANG,NORTH,GOVERNMENT-AIDED SCH,CO-ED SCHOOL,SINGLE SESSION,SECONDARY,Yes,No,No,No,Yes,Chinese,na,na,D,0.375
128,NAN CHIAU PRIMARY SCHOOL,NORTH,N4,11,1.39202675,103.8910424,PRIMARY,1874,181,0.096584845,SENG KANG,NORTH,GOVERNMENT-AIDED SCH,CO-ED SCHOOL,SINGLE SESSION,PRIMARY,No,No,No,No,No,Chinese,Malay,Tamil,E,0.222222222
129,NORTH SPRING PRIMARY SCHOOL,NORTH,N4,11,1.3876014,103.9037892,PRIMARY,1334,139,0.104197901,SENG KANG,NORTH,GOVERNMENT SCHOOL,CO-ED SCHOOL,SINGLE SESSION,PRIMARY,No,No,No,No,No,Chinese,Malay,Tamil,E,0.142857143
130,PUNGGOL SECONDARY SCHOOL,NORTH,N4,11,1.40239815,103.9091468,SECONDARY,1300,147,0.113076923,PUNGGOL,NORTH,GOVERNMENT SCHOOL,CO-ED SCHOOL,SINGLE SESSION,SECONDARY,No,No,No,No,No,Chinese,Malay,Tamil,D,0.272727273
131,ADMIRALTY PRIMARY SCHOOL,NORTH,N5,12,1.4429414,103.8003451,PRIMARY,1279,143,0.111806099,WOODLANDS,NORTH,GOVERNMENT SCHOOL,CO-ED SCHOOL,FULL DAY,PRIMARY,No,No,No,No,No,Chinese,Malay,Tamil,D,0.333333333
132,EVERGREEN PRIMARY SCHOOL,NORTH,N5,12,1.44383025,103.7947361,PRIMARY,1253,185,0.14764565,WOODLANDS,NORTH,GOVERNMENT SCHOOL,CO-ED SCHOOL,SINGLE SESSION,PRIMARY,No,No,No,No,No,Chinese,Malay,Tamil,C,0.555555556
133,EVERGREEN SECONDARY SCHOOL,NORTH,N5,12,1.44173915,103.7940238,SECONDARY,1132,167,0.147526502,WOODLANDS,NORTH,GOVERNMENT SCHOOL,CO-ED SCHOOL,SINGLE SESSION,SECONDARY,No,No,No,No,No,Chinese,Malay,Tamil,E,0
134,GREENWOOD PRIMARY SCHOOL,NORTH,N5,12,1.4399652,103.8047573,PRIMARY,1415,190,0.134275618,WOODLANDS,NORTH,GOVERNMENT SCHOOL,CO-ED SCHOOL,SINGLE SESSION,PRIMARY,No,No,No,No,No,Chinese,Malay,Tamil,D,0.375
135,MARSILING PRIMARY SCHOOL,NORTH,N5,12,1.43412565,103.77337,PRIMARY,1085,157,0.144700461,WOODLANDS,NORTH,GOVERNMENT SCHOOL,CO-ED SCHOOL,SINGLE SESSION,PRIMARY,No,No,No,No,No,Chinese,Malay,Tamil,C,0.5
136,MARSILING SECONDARY SCHOOL,NORTH,N5,12,1.43731895,103.7759431,SECONDARY,729,140,0.192043896,WOODLANDS,NORTH,GOVERNMENT SCHOOL,CO-ED SCHOOL,SINGLE SESSION,SECONDARY,No,No,No,No,No,Chinese,Malay,Tamil,C,0.6
137,QIHUA PRIMARY SCHOOL,NORTH,N5,12,1.4420502,103.7883337,PRIMARY,1240,193,0.155645161,WOODLANDS,NORTH,GOVERNMENT SCHOOL,CO-ED SCHOOL,SINGLE SESSION,PRIMARY,No,No,No,No,No,Chinese,Malay,Tamil,C,0.571428571
138,RIVERSIDE SECONDARY SCHOOL,NORTH,N5,12,1.44098195,103.7881434,SECONDARY,1186,182,0.153456998,WOODLANDS,NORTH,GOVERNMENT SCHOOL,CO-ED SCHOOL,SINGLE SESSION,SECONDARY,No,No,No,No,No,Chinese,Malay,Tamil,D,0.4
139,SPECTRA SECONDARY SCHOOL,NORTH,N5,12,1.43640725,103.8042836,SECONDARY,825,174,0.210909091,WOODLANDS,NORTH,SPECIALISED SCHOOL,CO-ED SCHOOL,SINGLE SESSION,SECONDARY,No,No,No,No,No,Chinese,Malay,Tamil,D,0.333333333
140,WOODGROVE PRIMARY SCHOOL,NORTH,N5,12,1.4331096,103.790305,PRIMARY,1122,152,0.135472371,WOODLANDS,NORTH,GOVERNMENT SCHOOL,CO-ED SCHOOL,SINGLE SESSION,PRIMARY,No,No,No,No,No,Chinese,Malay,Tamil,E,0.125
141,WOODLANDS RING PRIMARY SCHOOL,NORTH,N5,12,1.43466535,103.7978405,PRIMARY,1414,173,0.122347949,WOODLANDS,NORTH,GOVERNMENT SCHOOL,CO-ED SCHOOL,SINGLE SESSION,PRIMARY,No,No,No,No,No,Chinese,Malay,Tamil,D,0.375
142,WOODLANDS SECONDARY SCHOOL,NORTH,N5,12,1.4396213,103.7743813,SECONDARY,788,144,0.182741117,WOODLANDS,NORTH,GOVERNMENT SCHOOL,CO-ED SCHOOL,SINGLE SESSION,SECONDARY,No,No,No,No,No,Chinese,Malay,Tamil,E,0.142857143
143,AHMAD IBRAHIM SECONDARY SCHOOL,NORTH,N6,13,1.436779147,103.8291673,SECONDARY,1151,144,0.125108601,YISHUN,NORTH,GOVERNMENT SCHOOL,CO-ED SCHOOL,SINGLE SESSION,SECONDARY,No,No,No,No,No,Chinese,Malay,Tamil,C,0.666666667
144,ANDERSON PRIMARY SCHOOL,NORTH,N6,13,1.384309214,103.8414261,PRIMARY,1325,159,0.12,ANG MO KIO,NORTH,GOVERNMENT SCHOOL,CO-ED SCHOOL,SINGLE SESSION,PRIMARY,No,No,No,No,No,Chinese,Malay,Tamil,D,0.25
145,CANBERRA SECONDARY SCHOOL,NORTH,N6,13,1.45372065,103.8141799,SECONDARY,1052,149,0.141634981,SEMBAWANG,NORTH,GOVERNMENT SCHOOL,CO-ED SCHOOL,SINGLE SESSION,SECONDARY,No,No,No,No,No,Chinese,Malay,Tamil,E,0.111111111
146,CHIJ ST. NICHOLAS GIRLS' SCHOOL (PRI),NORTH,N6,13,1.37344905,103.8340777,PRIMARY,2657,185,0.069627399,ANG MO KIO,NORTH,GOVERNMENT-AIDED SCH,GIRLS' SCHOOL,SINGLE SESSION,MIXED LEVELS,Yes,Yes,No,Yes,Yes,Chinese,na,na,D,0.307692308
147,CHIJ ST. NICHOLAS GIRLS' SCHOOL (SEC),NORTH,N6,13,1.37344905,103.8340777,SECONDARY,2657,185,0.069627399,ANG MO KIO,NORTH,GOVERNMENT-AIDED SCH,GIRLS' SCHOOL,SINGLE SESSION,MIXED LEVELS,Yes,Yes,No,Yes,Yes,Chinese,na,na,D,0.307692308
148,HUAMIN PRIMARY SCHOOL,NORTH,N6,13,1.4268563,103.8442636,PRIMARY,1533,205,0.133724723,YISHUN,NORTH,GOVERNMENT SCHOOL,CO-ED SCHOOL,SINGLE SESSION,PRIMARY,No,No,No,No,No,Chinese,Malay,Tamil,E,0.142857143
149,NAVAL BASE PRIMARY SCHOOL,NORTH,N6,13,1.41654665,103.8384703,PRIMARY,1589,287,0.18061674,YISHUN,NORTH,GOVERNMENT SCHOOL,CO-ED SCHOOL,SINGLE SESSION,PRIMARY,No,No,No,No,No,Chinese,Malay,Tamil,C,0.5
150,NORTH VIEW PRIMARY SCHOOL,NORTH,N6,13,1.42787341,103.8483452,PRIMARY,1360,194,0.142647059,YISHUN,NORTH,GOVERNMENT SCHOOL,CO-ED SCHOOL,SINGLE SESSION,PRIMARY,No,No,No,No,No,Chinese,Malay,Tamil,C,0.666666667
151,NORTHBROOKS SECONDARY SCHOOL,NORTH,N6,13,1.4212669,103.8447792,SECONDARY,1061,178,0.167766258,YISHUN,NORTH,GOVERNMENT SCHOOL,CO-ED SCHOOL,SINGLE SESSION,SECONDARY,No,No,No,No,No,Chinese,Malay,Tamil,D,0.428571429
152,ORCHID PARK SECONDARY SCHOOL,NORTH,N6,13,1.41577935,103.8380948,SECONDARY,1070,156,0.145794393,YISHUN,NORTH,GOVERNMENT SCHOOL,CO-ED SCHOOL,SINGLE SESSION,SECONDARY,No,No,No,No,No,Chinese,Malay,Tamil,E,0.222222222
153,PEIYING PRIMARY SCHOOL,NORTH,N6,13,1.41777415,103.8303764,PRIMARY,1267,171,0.134964483,YISHUN,NORTH,GOVERNMENT SCHOOL,CO-ED SCHOOL,SINGLE SESSION,PRIMARY,No,No,No,No,No,Chinese,Malay,Tamil,E,0
154,SEMBAWANG PRIMARY SCHOOL,NORTH,N6,13,1.44526675,103.8209149,PRIMARY,1238,153,0.12358643,SEMBAWANG,NORTH,GOVERNMENT SCHOOL,CO-ED SCHOOL,SINGLE SESSION,PRIMARY,No,No,No,No,No,Chinese,Malay,Tamil,C,0.714285714
155,SEMBAWANG SECONDARY SCHOOL,NORTH,N6,13,1.44565285,103.8166628,SECONDARY,874,169,0.193363844,SEMBAWANG,NORTH,GOVERNMENT SCHOOL,CO-ED SCHOOL,SINGLE SESSION,SECONDARY,No,No,No,No,No,Chinese,Malay,Tamil,D,0.375
156,YISHUN PRIMARY SCHOOL,NORTH,N6,13,1.4335987,103.8338869,PRIMARY,1215,144,0.118518519,YISHUN,NORTH,GOVERNMENT SCHOOL,CO-ED SCHOOL,SINGLE SESSION,PRIMARY,No,No,No,No,No,Chinese,Malay,Tamil,D,0.25
157,ADMIRALTY SECONDARY SCHOOL,NORTH,N7,14,1.44591185,103.8029081,SECONDARY,1090,179,0.164220183,WOODLANDS,NORTH,GOVERNMENT SCHOOL,CO-ED SCHOOL,SINGLE SESSION,SECONDARY,No,No,No,No,No,Chinese,Malay,Tamil,A,1
158,CANBERRA PRIMARY SCHOOL,NORTH,N7,14,1.45086265,103.8155806,PRIMARY,1399,180,0.128663331,SEMBAWANG,NORTH,GOVERNMENT SCHOOL,CO-ED SCHOOL,SINGLE SESSION,PRIMARY,No,No,No,No,No,Chinese,Malay,Tamil,D,0.285714286
159,CHRIST CHURCH SECONDARY SCHOOL,NORTH,N7,14,1.426656,103.7931512,SECONDARY,1110,146,0.131531532,WOODLANDS,NORTH,GOVERNMENT-AIDED SCH,CO-ED SCHOOL,SINGLE SESSION,SECONDARY,No,No,No,No,No,Chinese,Malay,Tamil,D,0.444444444
160,FUCHUN PRIMARY SCHOOL,NORTH,N7,14,1.43072155,103.7782371,PRIMARY,1174,227,0.193356048,WOODLANDS,NORTH,GOVERNMENT SCHOOL,CO-ED SCHOOL,SINGLE SESSION,PRIMARY,No,No,No,No,No,Chinese,Malay,Tamil,E,0.142857143
161,FUCHUN SECONDARY SCHOOL,NORTH,N7,14,1.4302889,103.7772694,SECONDARY,NA,NA,NA,NA,NA,NA,NA,NA,NA,NA,NA,NA,NA,NA,NA,NA,NA,C,0.5
162,INNOVA PRIMARY SCHOOL,NORTH,N7,14,1.4291943,103.79074490000001,PRIMARY,1107,162,0.146341463,WOODLANDS,NORTH,GOVERNMENT SCHOOL,CO-ED SCHOOL,SINGLE SESSION,PRIMARY,No,No,No,No,No,Chinese,Malay,Tamil,D,0.25
163,RIVERSIDE PRIMARY SCHOOL,NORTH,N7,14,1.4472779,103.8018321,PRIMARY,1291,161,0.124709527,WOODLANDS,NORTH,GOVERNMENT SCHOOL,CO-ED SCHOOL,SINGLE SESSION,PRIMARY,No,No,No,No,No,Chinese,Malay,Tamil,D,0.4
164,SI LING PRIMARY SCHOOL,NORTH,N7,14,1.43275475,103.7857624,PRIMARY,777,123,0.158301158,WOODLANDS,NORTH,GOVERNMENT SCHOOL,CO-ED SCHOOL,SINGLE SESSION,PRIMARY,No,No,No,No,No,Chinese,Malay,Tamil,D,0.333333333
165,WELLINGTON PRIMARY SCHOOL,NORTH,N7,14,1.4521303,103.8224227,PRIMARY,1453,198,0.136269787,SEMBAWANG,NORTH,GOVERNMENT SCHOOL,CO-ED SCHOOL,SINGLE SESSION,PRIMARY,No,No,No,No,No,Chinese,Malay,Tamil,E,0.142857143
166,WOODGROVE SECONDARY SCHOOL,NORTH,N7,14,1.42833185,103.7965492,SECONDARY,1065,172,0.161502347,WOODLANDS,NORTH,GOVERNMENT SCHOOL,CO-ED SCHOOL,SINGLE SESSION,SECONDARY,No,No,No,No,No,Chinese,Malay,Tamil,C,0.625
167,WOODLANDS PRIMARY SCHOOL,NORTH,N7,14,1.43669555,103.7916902,PRIMARY,1294,151,0.116692427,WOODLANDS,NORTH,GOVERNMENT SCHOOL,CO-ED SCHOOL,SINGLE SESSION,PRIMARY,No,No,No,No,No,Chinese,Malay,Tamil,D,0.333333333
168,WOODLANDS RING SECONDARY SCHOOL,NORTH,N7,14,1.436023,103.8004353,SECONDARY,1019,148,0.145240432,WOODLANDS,NORTH,GOVERNMENT SCHOOL,CO-ED SCHOOL,SINGLE SESSION,SECONDARY,No,No,No,No,No,Chinese,Malay,Tamil,D,0.25
169,ANG MO KIO PRIMARY SCHOOL,SOUTH,S1,15,1.368953,103.8393687,PRIMARY,1102,171,0.155172414,ANG MO KIO,SOUTH,GOVERNMENT SCHOOL,CO-ED SCHOOL,SINGLE SESSION,PRIMARY,No,No,No,No,No,Chinese,Malay,Tamil,E,0.142857143
170,ANG MO KIO SECONDARY SCHOOL,SOUTH,S1,15,1.3676706,103.842545,SECONDARY,1069,112,0.104770814,ANG MO KIO,SOUTH,GOVERNMENT SCHOOL,CO-ED SCHOOL,SINGLE SESSION,SECONDARY,No,No,No,No,No,Chinese,Malay,Tamil,D,0.375
171,CHIJ OUR LADY OF THE NATIVITY,SOUTH,S1,15,1.37311065,103.8976899,PRIMARY,1443,131,0.090783091,HOUGANG,SOUTH,GOVERNMENT-AIDED SCH,GIRLS' SCHOOL,SINGLE SESSION,PRIMARY,No,No,No,No,No,Chinese,Malay,Tamil,C,0.5
172,HOLY INNOCENTS' HIGH SCHOOL,SOUTH,S1,15,1.3716598,103.8957436,SECONDARY,1281,151,0.117876659,HOUGANG,SOUTH,GOVERNMENT-AIDED SCH,CO-ED SCHOOL,SINGLE SESSION,SECONDARY,No,No,No,No,No,Chinese,Malay,Tamil,C,0.571428571
173,HOLY INNOCENTS' PRIMARY SCHOOL,SOUTH,S1,15,1.36708755,103.8938822,PRIMARY,1638,153,0.093406593,HOUGANG,SOUTH,GOVERNMENT-AIDED SCH,CO-ED SCHOOL,SINGLE SESSION,PRIMARY,Yes,No,No,No,Yes,Chinese,na,na,D,0.375
174,JING SHAN PRIMARY SCHOOL,SOUTH,S1,15,1.37216635,103.8520081,PRIMARY,954,117,0.122641509,ANG MO KIO,SOUTH,GOVERNMENT SCHOOL,CO-ED SCHOOL,SINGLE SESSION,PRIMARY,No,No,No,No,No,Chinese,Malay,Tamil,D,0.333333333
175,MAYFLOWER PRIMARY SCHOOL,SOUTH,S1,15,1.37631785,103.8355619,PRIMARY,1135,119,0.104845815,ANG MO KIO,SOUTH,GOVERNMENT SCHOOL,CO-ED SCHOOL,SINGLE SESSION,PRIMARY,No,No,No,No,No,Chinese,Malay,Tamil,C,0.5
176,MAYFLOWER SECONDARY SCHOOL,SOUTH,S1,15,1.36906525,103.8357708,SECONDARY,853,98,0.114888628,ANG MO KIO,SOUTH,GOVERNMENT SCHOOL,CO-ED SCHOOL,SINGLE SESSION,SECONDARY,No,No,No,No,No,Chinese,Malay,Tamil,D,0.428571429
177,PRESBYTERIAN HIGH SCHOOL,SOUTH,S1,15,1.3832006,103.8428599,SECONDARY,1063,131,0.123236124,ANG MO KIO,SOUTH,GOVERNMENT-AIDED SCH,CO-ED SCHOOL,SINGLE SESSION,SECONDARY,No,No,No,No,No,Chinese,Malay,Tamil,C,0.666666667
178,PUNGGOL PRIMARY SCHOOL,SOUTH,S1,15,1.37813115,103.8947545,PRIMARY,1235,166,0.134412955,HOUGANG,SOUTH,GOVERNMENT SCHOOL,CO-ED SCHOOL,SINGLE SESSION,PRIMARY,No,No,No,No,No,Chinese,Malay,Tamil,E,0.142857143
179,SERANGOON GARDEN SECONDARY SCHOOL,SOUTH,S1,15,1.3696622,103.8689838,SECONDARY,1158,209,0.180483592,SERANGOON,SOUTH,GOVERNMENT SCHOOL,CO-ED SCHOOL,SINGLE SESSION,SECONDARY,No,No,No,No,No,Chinese,Malay,Tamil,E,0.111111111
180,YIO CHU KANG SECONDARY SCHOOL,SOUTH,S1,15,1.37847985,103.842108,SECONDARY,1022,167,0.163405088,ANG MO KIO,SOUTH,GOVERNMENT SCHOOL,CO-ED SCHOOL,SINGLE SESSION,SECONDARY,No,No,No,No,No,Chinese,Malay,Tamil,D,0.25
181,ANGLO-CHINESE SCHOOL (INDEP),SOUTH,S2,16,1.30322315,103.7806778,SECONDARY,1724,125,0.0725058,QUEENSTOWN,SOUTH,INDEPENDENT SCHOOL,CO-ED SCHOOL,SINGLE SESSION,MIXED LEVELS,No,No,Yes,Yes,Yes,Chinese,Malay,Tamil,E,0.076923077
182,BLANGAH RISE PRIMARY SCHOOL,SOUTH,S2,16,1.27640575,103.80881,PRIMARY,542,48,0.088560886,BUKIT MERAH,SOUTH,GOVERNMENT SCHOOL,CO-ED SCHOOL,SINGLE SESSION,PRIMARY,No,No,No,No,No,Chinese,Malay,Tamil,A,1
183,BUKIT MERAH SECONDARY SCHOOL,SOUTH,S2,16,1.28589275,103.81299249999999,SECONDARY,931,132,0.141783029,BUKIT MERAH,SOUTH,GOVERNMENT SCHOOL,CO-ED SCHOOL,SINGLE SESSION,SECONDARY,No,No,No,No,No,Chinese,Malay,Tamil,C,0.5
184,CRESCENT GIRLS' SCHOOL,SOUTH,S2,16,1.2934392,103.8180238,SECONDARY,976,102,0.104508197,BUKIT MERAH,SOUTH,GOVERNMENT SCHOOL,GIRLS' SCHOOL,SINGLE SESSION,SECONDARY,No,Yes,No,No,Yes,Chinese,Malay,Tamil,C,0.625
185,FAIRFIELD METHODIST SCHOOL (PRI),SOUTH,S2,16,1.3012022,103.7860313,PRIMARY,1639,123,0.07504576,QUEENSTOWN,SOUTH,GOVERNMENT-AIDED SCH,CO-ED SCHOOL,SINGLE SESSION,PRIMARY,No,No,No,No,No,Chinese,Malay,Tamil,C,0.625
186,FAIRFIELD METHODIST SCHOOL (SEC),SOUTH,S2,16,1.3020215,103.7843993,SECONDARY,1060,87,0.082075472,QUEENSTOWN,SOUTH,GOVERNMENT-AIDED SCH,CO-ED SCHOOL,SINGLE SESSION,SECONDARY,No,Yes,No,No,Yes,Chinese,Malay,Tamil,C,0.571428571
187,KENT RIDGE SECONDARY SCHOOL,SOUTH,S2,16,1.3013316,103.7650463,SECONDARY,1167,133,0.113967438,CLEMENTI,SOUTH,GOVERNMENT SCHOOL,CO-ED SCHOOL,SINGLE SESSION,SECONDARY,No,No,No,No,No,Chinese,Malay,na,C,0.5
188,NEW TOWN PRIMARY SCHOOL,SOUTH,S2,16,1.29981365,103.79984,PRIMARY,1085,126,0.116129032,QUEENSTOWN,SOUTH,GOVERNMENT SCHOOL,CO-ED SCHOOL,SINGLE SESSION,PRIMARY,No,No,No,No,No,Chinese,Malay,Tamil,D,0.25
189,PEI TONG PRIMARY SCHOOL,SOUTH,S2,16,1.3162677,103.7677645,PRIMARY,1496,125,0.08355615,CLEMENTI,SOUTH,GOVERNMENT SCHOOL,CO-ED SCHOOL,SINGLE SESSION,PRIMARY,No,No,No,No,No,Chinese,Malay,Tamil,D,0.285714286
190,QUEENSTOWN PRIMARY SCHOOL,SOUTH,S2,16,1.2960266,103.8078385,PRIMARY,1371,140,0.102115244,QUEENSTOWN,SOUTH,GOVERNMENT SCHOOL,CO-ED SCHOOL,SINGLE SESSION,PRIMARY,No,No,No,No,No,Chinese,Malay,Tamil,E,0.142857143
191,QUEENSTOWN SECONDARY SCHOOL,SOUTH,S2,16,1.2932897,103.8132567,SECONDARY,1029,144,0.139941691,QUEENSTOWN,SOUTH,GOVERNMENT SCHOOL,CO-ED SCHOOL,SINGLE SESSION,SECONDARY,No,No,No,No,No,Chinese,Malay,Tamil,D,0.333333333
192,QUEENSWAY SECONDARY SCHOOL,SOUTH,S2,16,1.3004452,103.8019077,SECONDARY,1078,136,0.126159555,QUEENSTOWN,SOUTH,GOVERNMENT SCHOOL,CO-ED SCHOOL,SINGLE SESSION,SECONDARY,No,No,No,No,No,Chinese,Malay,Tamil,C,0.545454545
193,TANGLIN SECONDARY SCHOOL,SOUTH,S2,16,1.309941,103.757828,SECONDARY,NA,NA,NA,NA,NA,NA,NA,NA,NA,NA,NA,NA,NA,NA,NA,NA,NA,B,0.75
194,ANGLO-CHINESE SCHOOL (BARKER ROAD),SOUTH,S3,17,1.3197094,103.8356614,SECONDARY,1310,183,0.139694656,NOVENA,SOUTH,GOVERNMENT-AIDED SCH,BOYS' SCHOOL,SINGLE SESSION,SECONDARY,No,No,No,No,No,Chinese,Malay,Tamil,E,0
195,ANGLO-CHINESE SCHOOL (PRI),SOUTH,S3,17,1.31875235,103.8350769,PRIMARY,1579,151,0.095630146,NOVENA,SOUTH,GOVERNMENT-AIDED SCH,BOYS' SCHOOL,SINGLE SESSION,PRIMARY,No,No,Yes,No,Yes,Chinese,Malay,Tamil,E,0
196,BEATTY SECONDARY SCHOOL,SOUTH,S3,17,1.3417851,103.8522734,SECONDARY,1087,152,0.139834407,TOA PAYOH,SOUTH,GOVERNMENT SCHOOL,CO-ED SCHOOL,SINGLE SESSION,SECONDARY,No,No,No,No,No,Chinese,Malay,Tamil,D,0.3
197,CHIJ PRIMARY SCHOOL (TOA PAYOH),SOUTH,S3,17,1.3331269,103.842403,PRIMARY,1331,105,0.078888054,TOA PAYOH,SOUTH,GOVERNMENT-AIDED SCH,GIRLS' SCHOOL,SINGLE SESSION,PRIMARY,No,No,No,No,No,Chinese,Malay,Tamil,C,0.5
198,CHIJ SECONDARY SCHOOL (TOA PAYOH),SOUTH,S3,17,1.3326721,103.8428466,SECONDARY,1224,122,0.099673203,TOA PAYOH,SOUTH,GOVERNMENT-AIDED SCH,GIRLS' SCHOOL,SINGLE SESSION,SECONDARY,No,Yes,No,No,Yes,Chinese,Malay,Tamil,D,0.454545455
199,FIRST TOA PAYOH PRIMARY SCHOOL,SOUTH,S3,17,1.3404649,103.8558675,PRIMARY,722,96,0.132963989,TOA PAYOH,SOUTH,GOVERNMENT SCHOOL,CO-ED SCHOOL,SINGLE SESSION,PRIMARY,No,No,No,No,No,Chinese,Malay,Tamil,E,0
200,KHENG CHENG SCHOOL,SOUTH,S3,17,1.33703365,103.8474423,PRIMARY,1450,176,0.12137931,TOA PAYOH,SOUTH,GOVERNMENT-AIDED SCH,CO-ED SCHOOL,SINGLE SESSION,PRIMARY,No,No,No,No,No,Chinese,Malay,Tamil,D,0.25
201,MARYMOUNT CONVENT SCHOOL,SOUTH,S3,17,1.3402824,103.8397563,PRIMARY,1311,109,0.083142639,TOA PAYOH,SOUTH,GOVERNMENT-AIDED SCH,GIRLS' SCHOOL,SINGLE SESSION,PRIMARY,No,No,No,No,No,Chinese,Malay,Tamil,C,0.5
202,NATIONAL JUNIOR COLLEGE (JUNIOR HIGH),SOUTH,S3,17,1.330727,103.8044167,SECONDARY,818,46,0.056234719,BUKIT TIMAH,SOUTH,GOVERNMENT SCHOOL,CO-ED SCHOOL,FULL DAY,MIXED LEVELS,No,No,No,Yes,Yes,Chinese,Malay,Tamil,D,0.25
203,PEI CHUN PUBLIC SCHOOL,SOUTH,S3,17,1.3362704,103.855697,PRIMARY,1800,216,0.12,TOA PAYOH,SOUTH,GOVERNMENT-AIDED SCH,CO-ED SCHOOL,SINGLE SESSION,PRIMARY,Yes,No,No,No,Yes,Chinese,na,na,C,0.5
204,RAFFLES GIRLS' PRIMARY SCHOOL,SOUTH,S3,17,1.33026845,103.806127,PRIMARY,1678,97,0.057806913,BUKIT TIMAH,SOUTH,GOVERNMENT SCHOOL,GIRLS' SCHOOL,SINGLE SESSION,PRIMARY,No,No,Yes,No,Yes,Chinese,Malay,Tamil,C,0.571428571
205,ST. MARGARET'S SECONDARY SCHOOL,SOUTH,S3,17,1.32043285,103.8096835,SECONDARY,1059,112,0.105760151,BUKIT TIMAH,SOUTH,GOVERNMENT-AIDED SCH,GIRLS' SCHOOL,SINGLE SESSION,SECONDARY,No,Yes,No,No,Yes,Chinese,Malay,Tamil,C,0.6
206,ALEXANDRA PRIMARY SCHOOL,SOUTH,S4,18,1.2913617,103.82409,PRIMARY,1225,123,0.100408163,BUKIT MERAH,SOUTH,GOVERNMENT SCHOOL,CO-ED SCHOOL,SINGLE SESSION,PRIMARY,No,No,No,No,No,Chinese,Malay,Tamil,E,0.2
207,CANTONMENT PRIMARY SCHOOL,SOUTH,S4,18,1.2758142,103.8398884,PRIMARY,1112,128,0.115107914,BUKIT MERAH,SOUTH,GOVERNMENT SCHOOL,CO-ED SCHOOL,SINGLE SESSION,PRIMARY,No,No,No,No,No,Chinese,Malay,Tamil,E,0.2
208,CHIJ (KELLOCK),SOUTH,S4,18,1.274664,103.8280551,PRIMARY,1167,103,0.088260497,BUKIT MERAH,SOUTH,GOVERNMENT-AIDED SCH,GIRLS' SCHOOL,SINGLE SESSION,PRIMARY,No,No,No,No,No,Chinese,Malay,Tamil,D,0.4
209,CHIJ ST. THERESA'S CONVENT,SOUTH,S4,18,1.27614885,103.8222477,SECONDARY,1055,139,0.131753555,BUKIT MERAH,SOUTH,GOVERNMENT-AIDED SCH,GIRLS' SCHOOL,SINGLE SESSION,SECONDARY,No,No,No,No,No,Chinese,Malay,Tamil,D,0.375
210,GAN ENG SENG PRIMARY SCHOOL,SOUTH,S4,18,1.28587615,103.8152417,PRIMARY,912,131,0.143640351,BUKIT MERAH,SOUTH,GOVERNMENT SCHOOL,CO-ED SCHOOL,SINGLE SESSION,PRIMARY,No,No,No,No,No,Chinese,Malay,Tamil,D,0.428571429
211,GAN ENG SENG SCHOOL,SOUTH,S4,18,1.2894326,103.8236379,SECONDARY,1010,123,0.121782178,BUKIT MERAH,SOUTH,GOVERNMENT SCHOOL,CO-ED SCHOOL,SINGLE SESSION,SECONDARY,No,No,No,No,No,Chinese,Malay,Tamil,C,0.555555556
212,HONG WEN SCHOOL,SOUTH,S4,18,1.32178305,103.8575269,PRIMARY,1268,131,0.103312303,KALLANG,SOUTH,GOVERNMENT-AIDED SCH,CO-ED SCHOOL,SINGLE SESSION,PRIMARY,Yes,No,No,No,Yes,Chinese,na,na,D,0.285714286
213,NORTHLIGHT SCHOOL,SOUTH,S4,18,1.31946105,103.8556118,SECONDARY,776,122,0.157216495,KALLANG,SOUTH,SPECIALISED SCHOOL,CO-ED SCHOOL,FULL DAY,SECONDARY,No,No,No,No,No,Chinese,Malay,Tamil,D,0.333333333
214,OUTRAM SECONDARY SCHOOL,SOUTH,S4,18,1.28627625,103.8371267,SECONDARY,520,96,0.184615385,CENTRAL,SOUTH,GOVERNMENT SCHOOL,CO-ED SCHOOL,SINGLE SESSION,SECONDARY,No,No,No,No,No,Chinese,Malay,Tamil,D,0.375
215,RADIN MAS PRIMARY SCHOOL,SOUTH,S4,18,1.2750442,103.8240239,PRIMARY,1218,135,0.110837438,BUKIT MERAH,SOUTH,GOVERNMENT SCHOOL,CO-ED SCHOOL,SINGLE SESSION,PRIMARY,No,No,No,No,No,Chinese,Malay,Tamil,C,0.571428571
216,RIVER VALLEY PRIMARY SCHOOL,SOUTH,S4,18,1.2939,103.8364,PRIMARY,1344,134,0.099702381,CENTRAL,SOUTH,GOVERNMENT SCHOOL,CO-ED SCHOOL,SINGLE SESSION,PRIMARY,No,No,No,No,No,Chinese,Malay,Tamil,E,0.166666667
217,SCHOOL OF THE ARTS,SOUTH,S4,18,1.299297,103.8487409,SECONDARY,768,47,0.061197917,CENTRAL,SOUTH,SPECIALISED INDEPENDENT SCHOOL,CO-ED SCHOOL,SINGLE SESSION,MIXED LEVELS,No,No,No,No,No,Chinese,Malay,Tamil,C,0.5
218,ZHANGDE PRIMARY SCHOOL,SOUTH,S4,18,1.28406155,103.8261569,PRIMARY,1186,120,0.101180438,BUKIT MERAH,SOUTH,GOVERNMENT SCHOOL,CO-ED SCHOOL,SINGLE SESSION,PRIMARY,No,No,No,No,No,Chinese,Malay,Tamil,E,0.2
219,ANGLO-CHINESE SCHOOL (JUNIOR),SOUTH,S5,19,1.3091048,103.8414098,PRIMARY,1638,134,0.081807082,CENTRAL,SOUTH,GOVERNMENT-AIDED SCH,BOYS' SCHOOL,SINGLE SESSION,PRIMARY,No,No,No,No,No,Chinese,Malay,Tamil,E,0
220,BENDEMEER PRIMARY SCHOOL,SOUTH,S5,19,1.3222744,103.8651292,PRIMARY,1219,182,0.149302707,KALLANG,SOUTH,GOVERNMENT SCHOOL,CO-ED SCHOOL,SINGLE SESSION,PRIMARY,No,No,No,No,No,Chinese,Malay,Tamil,E,0.142857143
221,BENDEMEER SECONDARY SCHOOL,SOUTH,S5,19,1.324497,103.86143,SECONDARY,1015,172,0.169458128,KALLANG,SOUTH,GOVERNMENT SCHOOL,CO-ED SCHOOL,SINGLE SESSION,SECONDARY,No,No,No,No,No,Chinese,Malay,Tamil,C,0.571428571
222,FARRER PARK PRIMARY SCHOOL,SOUTH,S5,19,1.3123692,103.8507914,PRIMARY,1193,165,0.13830679,KALLANG,SOUTH,GOVERNMENT SCHOOL,CO-ED SCHOOL,SINGLE SESSION,PRIMARY,No,No,No,No,No,Chinese,Malay,Tamil,C,0.5
223,ST. ANDREW'S JUNIOR SCHOOL,SOUTH,S5,19,1.3314877,103.8650956,PRIMARY,1449,160,0.11042098,TOA PAYOH,SOUTH,GOVERNMENT-AIDED SCH,BOYS' SCHOOL,SINGLE SESSION,PRIMARY,No,No,No,No,No,Chinese,Malay,Tamil,C,0.5
224,ST. ANDREW'S SECONDARY SCHOOL,SOUTH,S5,19,1.33111015,103.8661242,SECONDARY,1178,210,0.178268251,TOA PAYOH,SOUTH,GOVERNMENT-AIDED SCH,BOYS' SCHOOL,SINGLE SESSION,SECONDARY,No,No,No,No,No,Chinese,Malay,Tamil,D,0.444444444
225,ST. JOSEPH'S INSTITUTION,SOUTH,S5,19,1.3242,103.8283264,SECONDARY,1484,103,0.069407008,NOVENA,SOUTH,INDEPENDENT SCHOOL,CO-ED SCHOOL,SINGLE SESSION,MIXED LEVELS,No,No,No,Yes,Yes,Chinese,Malay,Tamil,D,0.428571429
226,ST. JOSEPH'S INSTITUTION JUNIOR,SOUTH,S5,19,1.31751305,103.8463183,PRIMARY,1450,146,0.100689655,NOVENA,SOUTH,GOVERNMENT-AIDED SCH,BOYS' SCHOOL,SINGLE SESSION,PRIMARY,No,No,No,No,No,Chinese,Malay,Tamil,D,0.285714286
227,ST. MARGARET'S PRIMARY SCHOOL,SOUTH,S5,19,1.324296,103.8816928,PRIMARY,1152,101,0.087673611,CENTRAL,SOUTH,GOVERNMENT-AIDED SCH,GIRLS' SCHOOL,SINGLE SESSION,PRIMARY,No,No,No,No,No,Chinese,Malay,Tamil,E,0
228,BARTLEY SECONDARY SCHOOL,SOUTH,S6,20,1.3406552,103.8823271,SECONDARY,1072,150,0.139925373,TOA PAYOH,SOUTH,GOVERNMENT SCHOOL,CO-ED SCHOOL,SINGLE SESSION,SECONDARY,No,No,No,No,No,Chinese,Malay,Tamil,D,0.333333333
229,CEDAR PRIMARY SCHOOL,SOUTH,S6,20,1.33553125,103.8754848,PRIMARY,1242,155,0.124798712,TOA PAYOH,SOUTH,GOVERNMENT SCHOOL,CO-ED SCHOOL,SINGLE SESSION,PRIMARY,No,No,No,No,No,Chinese,Malay,Tamil,E,0.2
230,CHIJ OUR LADY OF GOOD COUNSEL,SOUTH,S6,20,1.35775385,103.8638906,PRIMARY,931,84,0.090225564,SERANGOON,SOUTH,GOVERNMENT-AIDED SCH,GIRLS' SCHOOL,SINGLE SESSION,PRIMARY,No,No,No,No,No,Chinese,Malay,Tamil,D,0.25
231,PEICAI SECONDARY SCHOOL,SOUTH,S6,20,1.35938135,103.8706469,SECONDARY,1120,171,0.152678571,SERANGOON,SOUTH,GOVERNMENT SCHOOL,CO-ED SCHOOL,SINGLE SESSION,SECONDARY,No,No,No,No,No,Chinese,Malay,Tamil,D,0.333333333
232,ST. GABRIEL'S PRIMARY SCHOOL,SOUTH,S6,20,1.3496952,103.8621682,PRIMARY,923,100,0.108342362,SERANGOON,SOUTH,GOVERNMENT-AIDED SCH,BOYS' SCHOOL,SINGLE SESSION,PRIMARY,No,No,No,No,No,Chinese,Malay,Tamil,E,0.166666667
233,ST. GABRIEL'S SECONDARY SCHOOL,SOUTH,S6,20,1.346723,103.8754373,SECONDARY,1255,161,0.128286853,SERANGOON,SOUTH,GOVERNMENT-AIDED SCH,BOYS' SCHOOL,SINGLE SESSION,SECONDARY,No,No,No,No,No,Chinese,Malay,Tamil,E,0.222222222
234,XINGHUA PRIMARY SCHOOL,SOUTH,S6,20,1.3580028,103.890515,PRIMARY,1123,152,0.135351736,HOUGANG,SOUTH,GOVERNMENT SCHOOL,CO-ED SCHOOL,SINGLE SESSION,PRIMARY,No,No,No,No,No,Chinese,Malay,Tamil,E,0.166666667
235,YANGZHENG PRIMARY SCHOOL,SOUTH,S6,20,1.34876345,103.868425,PRIMARY,1104,103,0.093297101,SERANGOON,SOUTH,GOVERNMENT SCHOOL,CO-ED SCHOOL,SINGLE SESSION,PRIMARY,No,No,No,No,No,Chinese,Malay,Tamil,D,0.428571429
236,YUYING SECONDARY SCHOOL,SOUTH,S6,20,1.35709395,103.890709,SECONDARY,1169,195,0.166809239,HOUGANG,SOUTH,GOVERNMENT-AIDED SCH,CO-ED SCHOOL,SINGLE SESSION,SECONDARY,No,No,No,No,No,Chinese,Malay,Tamil,D,0.428571429
237,ZHONGHUA PRIMARY SCHOOL,SOUTH,S6,20,1.35986,103.8696577,PRIMARY,714,101,0.141456583,SERANGOON,SOUTH,GOVERNMENT SCHOOL,CO-ED SCHOOL,SINGLE SESSION,PRIMARY,No,No,No,No,No,Chinese,Malay,Tamil,E,0.2
238,ZHONGHUA SECONDARY SCHOOL,SOUTH,S6,20,1.34851635,103.869346,SECONDARY,1274,135,0.105965463,SERANGOON,SOUTH,GOVERNMENT SCHOOL,CO-ED SCHOOL,SINGLE SESSION,SECONDARY,No,Yes,No,No,Yes,Chinese,Malay,na,E,0.222222222
239,AI TONG SCHOOL,SOUTH,S7,21,1.36071255,103.8330175,PRIMARY,1816,158,0.087004405,BISHAN,SOUTH,GOVERNMENT-AIDED SCH,CO-ED SCHOOL,SINGLE SESSION,PRIMARY,Yes,No,No,No,Yes,Chinese,na,na,E,0
240,DEYI SECONDARY SCHOOL,SOUTH,S7,21,1.36674255,103.8521119,SECONDARY,1106,144,0.130198915,ANG MO KIO,SOUTH,GOVERNMENT SCHOOL,CO-ED SCHOOL,SINGLE SESSION,SECONDARY,No,No,No,No,No,Chinese,Malay,Tamil,B,0.75
241,GUANGYANG PRIMARY SCHOOL,SOUTH,S7,21,1.345753,103.8493097,PRIMARY,NA,NA,NA,NA,NA,NA,NA,NA,NA,NA,NA,NA,NA,NA,NA,NA,NA,B,0.833333333
242,GUANGYANG SECONDARY SCHOOL,SOUTH,S7,21,1.34467265,103.8499513,SECONDARY,952,154,0.161764706,BISHAN,SOUTH,GOVERNMENT SCHOOL,CO-ED SCHOOL,SINGLE SESSION,SECONDARY,No,No,No,No,No,Chinese,Malay,Tamil,E,0.111111111
243,KUO CHUAN PRESBYTERIAN PRIMARY SCHOOL,SOUTH,S7,21,1.34921495,103.8550069,PRIMARY,1446,133,0.09197787,BISHAN,SOUTH,GOVERNMENT-AIDED SCH,CO-ED SCHOOL,SINGLE SESSION,PRIMARY,No,No,No,No,No,Chinese,Malay,Tamil,E,0.142857143
244,KUO CHUAN PRESBYTERIAN SECONDARY SCHOOL,SOUTH,S7,21,1.3508434,103.8546693,SECONDARY,1162,104,0.089500861,BISHAN,SOUTH,GOVERNMENT-AIDED SCH,CO-ED SCHOOL,SINGLE SESSION,SECONDARY,No,No,No,No,No,Chinese,Malay,Tamil,D,0.444444444
245,PEIRCE SECONDARY SCHOOL,SOUTH,S7,21,1.3664814,103.8295331,SECONDARY,820,114,0.13902439,BISHAN,SOUTH,GOVERNMENT SCHOOL,CO-ED SCHOOL,SINGLE SESSION,SECONDARY,No,No,No,No,No,Chinese,Malay,Tamil,E,0.111111111
246,RAFFLES GIRLS' SCHOOL (SEC),SOUTH,S7,21,1.34295555,103.8433071,SECONDARY,1698,104,0.061248528000000003,BUKIT TIMAH,SOUTH,GOVERNMENT SCHOOL,GIRLS' SCHOOL,SINGLE SESSION,PRIMARY,No,No,Yes,No,Yes,Chinese,Malay,Tamil,D,0.4
247,RAFFLES INST,SOUTH,S7,21,1.3467855,103.8443901,SECONDARY,1644,119,0.072384428,CENTRAL,SOUTH,INDEPENDENT SCHOOL,BOYS' SCHOOL,SINGLE SESSION,SECONDARY,No,No,Yes,Yes,Yes,Chinese,Malay,Tamil,C,0.5
248,TECK GHEE PRIMARY SCHOOL,SOUTH,S7,21,1.36536405,103.8509424,PRIMARY,1246,142,0.113964687,ANG MO KIO,SOUTH,GOVERNMENT SCHOOL,CO-ED SCHOOL,SINGLE SESSION,PRIMARY,No,No,No,No,No,Chinese,Malay,Tamil,D,0.4
249,TOWNSVILLE PRIMARY SCHOOL,SOUTH,S7,21,1.36043645,103.8540368,PRIMARY,1211,211,0.174236168,ANG MO KIO,SOUTH,GOVERNMENT SCHOOL,CO-ED SCHOOL,SINGLE SESSION,PRIMARY,No,No,No,No,No,Chinese,Malay,Tamil,D,0.333333333
250,WHITLEY SECONDARY SCHOOL,SOUTH,S7,21,1.35567945,103.8425576,SECONDARY,788,112,0.14213198,BISHAN,SOUTH,GOVERNMENT SCHOOL,CO-ED SCHOOL,SINGLE SESSION,SECONDARY,No,No,No,No,No,Chinese,Malay,Tamil,E,0.2
251,CLEMENTI PRIMARY SCHOOL,WEST,W1,22,1.31556955,103.7632088,PRIMARY,1509,159,0.105367793,CLEMENTI,WEST,GOVERNMENT SCHOOL,CO-ED SCHOOL,SINGLE SESSION,PRIMARY,No,No,No,No,No,Chinese,Malay,Tamil,D,0.333333333
252,CLEMENTI TOWN SECONDARY SCHOOL,WEST,W1,22,1.31566085,103.7619065,SECONDARY,1086,113,0.104051565,CLEMENTI,WEST,GOVERNMENT SCHOOL,CO-ED SCHOOL,SINGLE SESSION,SECONDARY,No,No,No,No,No,Chinese,Malay,Tamil,A,1
253,HENRY PARK PRIMARY SCHOOL,WEST,W1,22,1.3170569,103.7842163,PRIMARY,1903,160,0.084077772,BUKIT TIMAH,WEST,GOVERNMENT SCHOOL,CO-ED SCHOOL,SINGLE SESSION,PRIMARY,No,No,Yes,No,Yes,Chinese,Malay,Tamil,D,0.285714286
254,HWA CHONG INSTITUTION,WEST,W1,22,1.32627975,103.8035258,SECONDARY,1586,124,0.078184111,BUKIT TIMAH,WEST,INDEPENDENT SCHOOL,CO-ED SCHOOL,SINGLE SESSION,MIXED LEVELS,Yes,No,No,Yes,Yes,Chinese,na,na,E,0
255,NAN HUA HIGH SCHOOL,WEST,W1,22,1.3084123,103.7690446,SECONDARY,1264,88,0.069620253000000007,CLEMENTI,WEST,GOVERNMENT SCHOOL,CO-ED SCHOOL,SINGLE SESSION,SECONDARY,Yes,Yes,No,No,Yes,Chinese,na,na,C,0.666666667
256,NAN HUA PRIMARY SCHOOL,WEST,W1,22,1.31983825,103.7616751,PRIMARY,1617,148,0.09152752,CLEMENTI,WEST,GOVERNMENT-AIDED SCH,CO-ED SCHOOL,DOUBLE SESSION,PRIMARY,Yes,No,Yes,No,Yes,Chinese,na,na,B,0.875
257,NEW TOWN SECONDARY SCHOOL,WEST,W1,22,1.30988355,103.7736014,SECONDARY,1050,175,0.166666667,QUEENSTOWN,WEST,GOVERNMENT SCHOOL,CO-ED SCHOOL,SINGLE SESSION,SECONDARY,No,No,No,No,No,Chinese,Malay,Tamil,B,0.857142857
258,NUS HIGH SCHOOL,WEST,W1,22,1.307286991,103.7694085,SECONDARY,719,59,0.082058414,CLEMENTI,WEST,SPECIALISED INDEPENDENT SCHOOL,CO-ED SCHOOL,FULL DAY,MIXED LEVELS,No,No,No,Yes,Yes,Chinese,Malay,Tamil,D,0.333333333
259,QIFA PRIMARY SCHOOL,WEST,W1,22,1.31280555,103.756965,PRIMARY,1579,181,0.114629512,CLEMENTI,WEST,GOVERNMENT SCHOOL,CO-ED SCHOOL,SINGLE SESSION,PRIMARY,No,No,No,No,No,Chinese,Malay,Tamil,D,0.333333333
260,YUHUA PRIMARY SCHOOL,WEST,W1,22,1.3428913,103.74096,PRIMARY,1219,167,0.136997539,JURONG EAST,WEST,GOVERNMENT SCHOOL,CO-ED SCHOOL,SINGLE SESSION,PRIMARY,No,No,No,No,No,Chinese,Malay,Tamil,D,0.333333333
261,CHUA CHU KANG PRIMARY SCHOOL,WEST,W2,23,1.37793775,103.7419841,PRIMARY,1449,218,0.150448585,CHOA CHU KANG,WEST,GOVERNMENT SCHOOL,CO-ED SCHOOL,SINGLE SESSION,PRIMARY,No,No,No,No,No,Chinese,Malay,Tamil,D,0.444444444
262,CONCORD PRIMARY SCHOOL,WEST,W2,23,1.38016775,103.7363788,PRIMARY,1434,161,0.112273361,CHOA CHU KANG,WEST,GOVERNMENT SCHOOL,CO-ED SCHOOL,SINGLE SESSION,PRIMARY,No,No,No,No,No,Chinese,Malay,Tamil,D,0.25
263,DE LA SALLE SCHOOL,WEST,W2,23,1.3950086,103.7432593,PRIMARY,1459,205,0.140507197,CHOA CHU KANG,WEST,GOVERNMENT-AIDED SCH,CO-ED SCHOOL,SINGLE SESSION,PRIMARY,No,No,No,No,No,Chinese,Malay,Tamil,D,0.375
264,DUNEARN SECONDARY SCHOOL,WEST,W2,23,1.36358465,103.7445462,SECONDARY,1043,196,0.187919463,BUKIT BATOK,WEST,GOVERNMENT SCHOOL,CO-ED SCHOOL,SINGLE SESSION,SECONDARY,No,No,No,No,No,Chinese,Malay,Tamil,C,0.571428571
265,HILLGROVE SECONDARY SCHOOL,WEST,W2,23,1.3533675,103.7529905,SECONDARY,1117,160,0.143240824,BUKIT BATOK,WEST,GOVERNMENT SCHOOL,CO-ED SCHOOL,SINGLE SESSION,SECONDARY,No,No,No,No,No,Chinese,Malay,Tamil,D,0.3
266,NANYANG GIRLS' HIGH SCHOOL,WEST,W2,23,1.33050835,103.802324,SECONDARY,1600,82,0.05125,BUKIT TIMAH,WEST,INDEPENDENT SCHOOL,GIRLS' SCHOOL,SINGLE SESSION,SECONDARY,Yes,No,Yes,Yes,Yes,Chinese,na,na,C,0.5
267,NANYANG PRIMARY SCHOOL,WEST,W2,23,1.32083185,103.8082166,PRIMARY,2450,199,0.08122449,BUKIT TIMAH,WEST,GOVERNMENT-AIDED SCH,CO-ED SCHOOL,SINGLE SESSION,PRIMARY,Yes,No,Yes,No,Yes,Chinese,na,na,D,0.4
268,SOUTH VIEW PRIMARY SCHOOL,WEST,W2,23,1.381635043,103.7471129,PRIMARY,1674,216,0.129032258,CHOA CHU KANG,WEST,GOVERNMENT SCHOOL,CO-ED SCHOOL,SINGLE SESSION,PRIMARY,No,No,No,No,No,Chinese,Malay,Tamil,D,0.25
269,UNITY PRIMARY SCHOOL,WEST,W2,23,1.40273665,103.7467533,PRIMARY,1153,153,0.132697311,CHOA CHU KANG,WEST,GOVERNMENT SCHOOL,CO-ED SCHOOL,SINGLE SESSION,PRIMARY,No,No,No,No,No,Chinese,Malay,Tamil,E,0
270,UNITY SECONDARY SCHOOL,WEST,W2,23,1.39972215,103.7460294,SECONDARY,1121,186,0.165923283,CHOA CHU KANG,WEST,GOVERNMENT SCHOOL,CO-ED SCHOOL,SINGLE SESSION,SECONDARY,No,No,No,No,No,Chinese,Malay,Tamil,D,0.3
271,BOON LAY SECONDARY SCHOOL,WEST,W3,24,1.3427581,103.7016738,SECONDARY,772,118,0.152849741,JURONG WEST,WEST,GOVERNMENT SCHOOL,CO-ED SCHOOL,SINGLE SESSION,SECONDARY,No,No,No,No,No,Chinese,Malay,Tamil,D,0.444444444
272,CORPORATION PRIMARY SCHOOL,WEST,W3,24,1.35142845,103.7076954,PRIMARY,1375,179,0.130181818,JURONG WEST,WEST,GOVERNMENT SCHOOL,CO-ED SCHOOL,SINGLE SESSION,PRIMARY,No,No,No,No,No,Chinese,Malay,Tamil,C,0.571428571
273,FRONTIER PRIMARY SCHOOL,WEST,W3,24,1.3369298,103.6996377,PRIMARY,1333,155,0.11627907,JURONG WEST,WEST,GOVERNMENT SCHOOL,CO-ED SCHOOL,SINGLE SESSION,PRIMARY,No,No,No,No,No,Chinese,Malay,Tamil,E,0.111111111
274,JURONG WEST PRIMARY SCHOOL,WEST,W3,24,1.3391,103.6988,PRIMARY,1203,167,0.138819618,JURONG WEST,WEST,GOVERNMENT SCHOOL,CO-ED SCHOOL,SINGLE SESSION,PRIMARY,No,No,No,No,No,Chinese,Malay,Tamil,D,0.333333333
275,JURONG WEST SECONDARY SCHOOL,WEST,W3,24,1.3354612,103.7024026,SECONDARY,1054,136,0.129032258,JURONG WEST,WEST,GOVERNMENT SCHOOL,CO-ED SCHOOL,SINGLE SESSION,SECONDARY,No,No,No,No,No,Chinese,Malay,Tamil,C,0.625
276,JUYING SECONDARY SCHOOL,WEST,W3,24,1.3393,103.6872,SECONDARY,999,167,0.167167167,JURONG WEST,WEST,GOVERNMENT SCHOOL,CO-ED SCHOOL,SINGLE SESSION,SECONDARY,No,No,No,No,No,Chinese,Malay,Tamil,D,0.375
277,METHODIST GIRLS' SCHOOL (PRI),WEST,W3,24,1.33284035,103.7835765,PRIMARY,1354,86,0.06351551,BUKIT TIMAH,WEST,GOVERNMENT-AIDED SCH,GIRLS' SCHOOL,SINGLE SESSION,PRIMARY,No,No,No,No,No,Chinese,Malay,Tamil,C,0.555555556
278,METHODIST GIRLS' SCHOOL (SEC),WEST,W3,24,1.33284035,103.7835765,SECONDARY,1301,81,0.0622598,BUKIT TIMAH,WEST,INDEPENDENT SCHOOL,GIRLS' SCHOOL,SINGLE SESSION,SECONDARY,No,No,No,Yes,Yes,Chinese,Malay,Tamil,C,0.555555556
279,PIONEER PRIMARY SCHOOL,WEST,W3,24,1.3384,103.6881,PRIMARY,526,119,0.226235741,JURONG WEST,WEST,GOVERNMENT SCHOOL,CO-ED SCHOOL,SINGLE SESSION,PRIMARY,No,No,No,No,No,Chinese,Malay,Tamil,D,0.333333333
280,WEST GROVE PRIMARY SCHOOL,WEST,W3,24,1.34468085,103.6989833,PRIMARY,1365,182,0.133333333,JURONG WEST,WEST,GOVERNMENT SCHOOL,CO-ED SCHOOL,SINGLE SESSION,PRIMARY,No,No,No,No,No,Chinese,Malay,Tamil,C,0.666666667
281,WESTWOOD SECONDARY SCHOOL,WEST,W3,24,1.35357275,103.7018025,SECONDARY,1060,163,0.153773585,JURONG WEST,WEST,GOVERNMENT SCHOOL,CO-ED SCHOOL,SINGLE SESSION,SECONDARY,No,No,No,No,No,Chinese,Malay,Tamil,C,0.666666667
282,XINGNAN PRIMARY SCHOOL,WEST,W3,24,1.3431928,103.6877492,PRIMARY,1305,171,0.131034483,JURONG WEST,WEST,GOVERNMENT SCHOOL,CO-ED SCHOOL,SINGLE SESSION,PRIMARY,No,No,No,No,No,Chinese,Malay,Tamil,C,0.571428571
283,BUKIT VIEW PRIMARY SCHOOL,WEST,W4,25,1.34570095,103.7535185,PRIMARY,1312,128,0.097560976,BUKIT BATOK,WEST,GOVERNMENT SCHOOL,CO-ED SCHOOL,SINGLE SESSION,PRIMARY,No,No,No,No,No,Chinese,Malay,Tamil,C,0.714285714
284,BUKIT VIEW SECONDARY SCHOOL,WEST,W4,25,1.34569905,103.752192,SECONDARY,1052,135,0.128326996,BUKIT BATOK,WEST,GOVERNMENT SCHOOL,CO-ED SCHOOL,SINGLE SESSION,SECONDARY,No,No,No,No,No,Chinese,Malay,Tamil,E,0
285,CREST SECONDARY SCHOOL,WEST,W4,25,1.343795,103.7428092,SECONDARY,685,184,0.268613139,JURONG EAST,WEST,SPECIALISED SCHOOL,CO-ED SCHOOL,SINGLE SESSION,SECONDARY,No,No,No,No,No,Chinese,Malay,Tamil,C,0.571428571
286,DAZHONG PRIMARY SCHOOL,WEST,W4,25,1.3591826,103.7479679,PRIMARY,1201,188,0.15653622,BUKIT BATOK,WEST,GOVERNMENT SCHOOL,CO-ED SCHOOL,SINGLE SESSION,PRIMARY,No,No,No,No,No,Chinese,Malay,Tamil,D,0.333333333
287,HUA YI SECONDARY SCHOOL,WEST,W4,25,1.3520885,103.7216252,SECONDARY,1073,104,0.096924511,JURONG WEST,WEST,GOVERNMENT SCHOOL,CO-ED SCHOOL,SINGLE SESSION,SECONDARY,No,No,No,No,No,Chinese,Malay,Tamil,E,0
288,JURONG PRIMARY SCHOOL,WEST,W4,25,1.3487249,103.7330556,PRIMARY,1235,156,0.126315789,JURONG EAST,WEST,GOVERNMENT SCHOOL,CO-ED SCHOOL,SINGLE SESSION,PRIMARY,No,No,No,No,No,Chinese,Malay,Tamil,D,0.25
289,JURONG SECONDARY SCHOOL,WEST,W4,25,1.33030995,103.7239742,SECONDARY,1062,129,0.121468927,JURONG WEST,WEST,GOVERNMENT SCHOOL,CO-ED SCHOOL,SINGLE SESSION,SECONDARY,No,No,No,No,No,Chinese,Malay,Tamil,B,0.888888889
290,JURONGVILLE SECONDARY SCHOOL,WEST,W4,25,1.3512965,103.7289774,SECONDARY,1052,164,0.155893536,JURONG EAST,WEST,GOVERNMENT SCHOOL,CO-ED SCHOOL,SINGLE SESSION,SECONDARY,No,No,No,No,No,Chinese,Malay,Tamil,C,0.714285714
291,KEMING PRIMARY SCHOOL,WEST,W4,25,1.3453422,103.756399,PRIMARY,1360,154,0.113235294,BUKIT BATOK,WEST,GOVERNMENT SCHOOL,CO-ED SCHOOL,SINGLE SESSION,PRIMARY,No,No,No,No,No,Chinese,Malay,Tamil,D,0.428571429
292,LIANHUA PRIMARY SCHOOL,WEST,W4,25,1.35386165,103.7540792,PRIMARY,1295,147,0.113513514,BUKIT BATOK,WEST,GOVERNMENT SCHOOL,CO-ED SCHOOL,SINGLE SESSION,PRIMARY,No,No,No,No,No,Chinese,Malay,Tamil,C,0.666666667
293,ST. ANTHONY'S PRIMARY SCHOOL,WEST,W4,25,1.364220876,103.7490931,PRIMARY,1370,146,0.106569343,BUKIT BATOK,WEST,GOVERNMENT-AIDED SCH,CO-ED SCHOOL,SINGLE SESSION,PRIMARY,No,No,No,No,No,Chinese,Malay,Tamil,C,0.571428571
294,SWISS COTTAGE SECONDARY SCHOOL,WEST,W4,25,1.36456,103.7504331,SECONDARY,1232,159,0.129058442,BUKIT BATOK,WEST,GOVERNMENT SCHOOL,CO-ED SCHOOL,SINGLE SESSION,SECONDARY,No,No,No,No,No,Chinese,Malay,Tamil,D,0.363636364
295,YUAN CHING SECONDARY SCHOOL,WEST,W4,25,1.34159135,103.7201412,SECONDARY,1076,170,0.157992565,JURONG WEST,WEST,GOVERNMENT SCHOOL,CO-ED SCHOOL,SINGLE SESSION,SECONDARY,No,No,No,No,No,Chinese,Malay,Tamil,D,0.285714286
296,BEACON PRIMARY SCHOOL,WEST,W5,26,1.38411495,103.7738009,PRIMARY,1152,165,0.143229167,BUKIT PANJANG,WEST,GOVERNMENT SCHOOL,CO-ED SCHOOL,SINGLE SESSION,PRIMARY,No,No,No,No,No,Chinese,Malay,Tamil,D,0.285714286
297,BUKIT PANJANG GOVT HIGH SCHOOL,WEST,W5,26,1.38212705,103.7382834,SECONDARY,1120,117,0.104464286,BUKIT PANJANG,WEST,GOVERNMENT SCHOOL,CO-ED SCHOOL,SINGLE SESSION,PRIMARY,No,No,No,No,No,Chinese,Malay,Tamil,D,0.272727273
298,GREENRIDGE SECONDARY SCHOOL (FAJAR SECONDARY SCHOOL),WEST,W5,26,1.3752,103.7642,SECONDARY,1105,199,0.180090498,BUKIT PANJANG,WEST,GOVERNMENT SCHOOL,CO-ED SCHOOL,SINGLE SESSION,SECONDARY,No,No,No,No,No,Chinese,Malay,Tamil,C,0.571428571
299,GREENRIDGE PRIMARY SCHOOL,WEST,W5,26,1.3856168,103.7680048,PRIMARY,1234,168,0.136142626,BUKIT PANJANG,WEST,GOVERNMENT SCHOOL,CO-ED SCHOOL,SINGLE SESSION,PRIMARY,No,No,No,No,No,Chinese,Malay,Tamil,D,0.333333333
300,PEI HWA PRESBYTERIAN PRIMARY SCHOOL,WEST,W5,26,1.3380993,103.7762188,PRIMARY,1436,123,0.085654596,BUKIT TIMAH,WEST,GOVERNMENT-AIDED SCH,CO-ED SCHOOL,DOUBLE SESSION,PRIMARY,Yes,No,No,No,Yes,Chinese,na,na,C,0.714285714
301,SCH OF SCIENCE AND TECHNOLOGY,WEST,W5,26,1.3131051,103.7737254,SECONDARY,940,87,0.092553191,CLEMENTI,WEST,SPECIALISED INDEPENDENT SCHOOL,CO-ED SCHOOL,FULL DAY,SECONDARY,No,No,No,No,No,Chinese,Malay,Tamil,D,0.428571429
302,TECK WHYE PRIMARY SCHOOL,WEST,W5,26,1.3838509,103.7536535,PRIMARY,1150,167,0.145217391,CHOA CHU KANG,WEST,GOVERNMENT SCHOOL,CO-ED SCHOOL,SINGLE SESSION,PRIMARY,No,No,No,No,No,Chinese,Malay,Tamil,C,0.5
303,WEST SPRING SECONDARY SCHOOL,WEST,W5,26,1.38828505,103.7598736,SECONDARY,1123,114,0.101513802,BUKIT PANJANG,WEST,GOVERNMENT SCHOOL,CO-ED SCHOOL,SINGLE SESSION,SECONDARY,No,No,No,No,No,Chinese,Malay,Tamil,C,0.625
304,WEST VIEW PRIMARY SCHOOL,WEST,W5,26,1.38358885,103.7599934,PRIMARY,912,106,0.11622807,BUKIT PANJANG,WEST,GOVERNMENT SCHOOL,CO-ED SCHOOL,SINGLE SESSION,PRIMARY,No,No,No,No,No,Chinese,Malay,Tamil,E,0.166666667
305,ZHENGHUA PRIMARY SCHOOL,WEST,W5,26,1.3794259,103.7696661,PRIMARY,1351,199,0.147298298,BUKIT PANJANG,WEST,GOVERNMENT SCHOOL,CO-ED SCHOOL,SINGLE SESSION,PRIMARY,No,No,No,No,No,Chinese,Malay,Tamil,D,0.375
306,ZHENGHUA SECONDARY SCHOOL,WEST,W5,26,1.3895029,103.7651957,SECONDARY,1117,152,0.136078782,BUKIT PANJANG,WEST,GOVERNMENT SCHOOL,CO-ED SCHOOL,SINGLE SESSION,SECONDARY,No,No,No,No,No,Chinese,Malay,Tamil,C,0.555555556
307,ASSUMPTION ENGLISH SCHOOL,WEST,W6,27,1.368102,103.766105,SECONDARY,870,130,0.149425287,BUKIT PANJANG,WEST,GOVERNMENT-AIDED SCH,CO-ED SCHOOL,SINGLE SESSION,SECONDARY,No,No,No,No,No,Chinese,Malay,Tamil,D,0.428571429
308,ASSUMPTION PATHWAY SCHOOL,WEST,W6,27,1.37022425,103.7664289,SECONDARY,565,93,0.16460177,BUKIT PANJANG,WEST,SPECIALISED SCHOOL,CO-ED SCHOOL,SINGLE SESSION,SECONDARY,No,No,No,No,No,Chinese,Malay,Tamil,D,0.4
309,BOON LAY GARDEN PRIMARY SCHOOL,WEST,W6,27,1.3428882,103.7129331,PRIMARY,1275,192,0.150588235,JURONG WEST,WEST,GOVERNMENT SCHOOL,CO-ED SCHOOL,SINGLE SESSION,PRIMARY,No,No,No,No,No,Chinese,Malay,Tamil,C,0.5
310,BUKIT PANJANG PRIMARY SCHOOL,WEST,W6,27,1.37341685,103.7694303,PRIMARY,1458,166,0.113854595,BUKIT PANJANG,WEST,GOVERNMENT SCHOOL,CO-ED SCHOOL,SINGLE SESSION,PRIMARY,No,No,No,No,No,Chinese,Malay,Tamil,E,0
311,CHIJ OUR LADY QUEEN OF PEACE,WEST,W6,27,1.36644755,103.7681471,PRIMARY,1056,76,0.071969697,BUKIT PANJANG,WEST,GOVERNMENT-AIDED SCH,GIRLS' SCHOOL,SINGLE SESSION,PRIMARY,No,No,No,No,No,Chinese,Malay,Tamil,D,0.4
312,KRANJI PRIMARY SCHOOL,WEST,W6,27,1.39393915,103.7471551,PRIMARY,612,65,0.10620915,CHOA CHU KANG,WEST,GOVERNMENT SCHOOL,CO-ED SCHOOL,SINGLE SESSION,PRIMARY,No,No,No,No,No,Chinese,Malay,Tamil,A,1
313,KRANJI SECONDARY SCHOOL,WEST,W6,27,1.39047655,103.741139,SECONDARY,1060,150,0.141509434,CHOA CHU KANG,WEST,GOVERNMENT SCHOOL,CO-ED SCHOOL,SINGLE SESSION,SECONDARY,No,No,No,No,No,Chinese,Malay,Tamil,D,0.428571429
314,REGENT SECONDARY SCHOOL,WEST,W6,27,1.39351375,103.7510121,SECONDARY,1030,138,0.133980583,CHOA CHU KANG,WEST,GOVERNMENT SCHOOL,CO-ED SCHOOL,SINGLE SESSION,SECONDARY,No,No,No,No,No,Chinese,Malay,Tamil,C,0.5
315,CHUA CHU KANG SECONDARY SCHOOL (TECK WHYE SECONDARY SCHOOL),WEST,W6,27,1.3834,103.75545,SECONDARY,1226,227,0.185154976,CHOA CHU KANG,WEST,GOVERNMENT SCHOOL,CO-ED SCHOOL,SINGLE SESSION,SECONDARY,No,No,No,No,No,Chinese,Malay,Tamil,C,0.571428571
316,WEST SPRING PRIMARY SCHOOL,WEST,W6,27,1.38952295,103.7662653,PRIMARY,1413,133,0.094125973,BUKIT PANJANG,WEST,GOVERNMENT SCHOOL,CO-ED SCHOOL,SINGLE SESSION,PRIMARY,No,No,No,No,No,Chinese,Malay,Tamil,D,0.428571429
317,WESTWOOD PRIMARY SCHOOL,WEST,W6,27,1.34744235,103.700513,PRIMARY,1428,170,0.119047619,JURONG WEST,WEST,GOVERNMENT SCHOOL,CO-ED SCHOOL,SINGLE SESSION,PRIMARY,No,No,No,No,No,Chinese,Malay,Tamil,C,0.5
318,YEW TEE PRIMARY SCHOOL,WEST,W6,27,1.39696185,103.751093,PRIMARY,1239,171,0.138014528,CHOA CHU KANG,WEST,GOVERNMENT SCHOOL,CO-ED SCHOOL,SINGLE SESSION,PRIMARY,No,No,No,No,No,Chinese,Malay,Tamil,D,0.428571429
319,BUKIT BATOK SECONDARY SCHOOL,WEST,W7,28,1.3484109,103.7407154,SECONDARY,1102,139,0.126134301,BUKIT BATOK,WEST,GOVERNMENT SCHOOL,CO-ED SCHOOL,SINGLE SESSION,SECONDARY,No,No,No,No,No,Chinese,Malay,Tamil,D,0.333333333
320,BUKIT TIMAH PRIMARY SCHOOL,WEST,W7,28,1.33751905,103.7668494,PRIMARY,1158,111,0.095854922,BUKIT TIMAH,WEST,GOVERNMENT SCHOOL,CO-ED SCHOOL,SINGLE SESSION,PRIMARY,No,No,No,No,No,Chinese,Malay,Tamil,D,0.25
321,COMMONWEALTH SECONDARY SCHOOL,WEST,W7,28,1.31977715,103.7457295,SECONDARY,1059,148,0.139754485,JURONG EAST,WEST,GOVERNMENT SCHOOL,CO-ED SCHOOL,SINGLE SESSION,SECONDARY,No,Yes,No,No,Yes,Chinese,Malay,Tamil,C,0.545454545
322,FUHUA PRIMARY SCHOOL,WEST,W7,28,1.33648535,103.7364545,PRIMARY,1287,198,0.153846154,JURONG EAST,WEST,GOVERNMENT SCHOOL,CO-ED SCHOOL,SINGLE SESSION,PRIMARY,No,No,No,No,No,Chinese,Malay,Tamil,C,0.666666667
323,FUHUA SECONDARY SCHOOL,WEST,W7,28,1.34731075,103.7270228,SECONDARY,1129,132,0.116917626,JURONG WEST,WEST,GOVERNMENT SCHOOL,CO-ED SCHOOL,SINGLE SESSION,SECONDARY,No,No,No,No,No,Chinese,Malay,Tamil,D,0.4
324,LAKESIDE PRIMARY SCHOOL,WEST,W7,28,1.3383897,103.7179816,PRIMARY,1434,183,0.127615063,JURONG WEST,WEST,GOVERNMENT SCHOOL,CO-ED SCHOOL,SINGLE SESSION,PRIMARY,No,No,No,No,No,Chinese,Malay,Tamil,D,0.428571429
325,PRINCESS ELIZABETH PRIMARY SCHOOL,WEST,W7,28,1.3493822,103.7409542,PRIMARY,1268,177,0.139589905,BUKIT BATOK,WEST,GOVERNMENT SCHOOL,CO-ED SCHOOL,SINGLE SESSION,PRIMARY,No,No,No,No,No,Chinese,Malay,Tamil,D,0.375
326,RIVER VALLEY HIGH SCHOOL,WEST,W7,28,1.3433748,103.7093058,SECONDARY,1205,75,0.062240664,JURONG WEST,WEST,GOVERNMENT SCHOOL,CO-ED SCHOOL,SINGLE SESSION,MIXED LEVELS,Yes,Yes,No,Yes,Yes,Chinese,na,na,D,0.466666667
327,RULANG PRIMARY SCHOOL,WEST,W7,28,1.34660905,103.718737,PRIMARY,1685,205,0.121661721,JURONG WEST,WEST,GOVERNMENT SCHOOL,CO-ED SCHOOL,DOUBLE SESSION,PRIMARY,No,No,No,No,No,Chinese,Malay,Tamil,E,0.125
328,SHUQUN PRIMARY SCHOOL,WEST,W7,28,1.34712705,103.7215902,PRIMARY,1237,138,0.111560226,JURONG WEST,WEST,GOVERNMENT SCHOOL,CO-ED SCHOOL,SINGLE SESSION,PRIMARY,No,No,No,No,No,Chinese,Malay,Tamil,E,0.125
329,YUHUA SECONDARY SCHOOL,WEST,W7,28,1.347278031,103.7223139,SECONDARY,1133,113,0.099735216,JURONG WEST,WEST,GOVERNMENT SCHOOL,CO-ED SCHOOL,SINGLE SESSION,SECONDARY,No,No,No,No,No,Chinese,Malay,Tamil,C,0.555555556
